n_ops,kind,task_seed,init_seed,seq_len,winding,steps_settle,contraction,lyap
2,track,0,0,16,0.625482976436615,12,-0.06501761078834534,-0.045039965484919016
2,track,0,1,16,0.6291493773460388,12,-0.06698409467935562,-0.045039965484919016
2,track,0,2,16,0.6273069977760315,13,-0.06903649121522903,-0.045039965484919016
2,track,0,3,16,0.6343434453010559,13,-0.06682784110307693,-0.045039965484919016
2,track,0,4,16,0.630349338054657,13,-0.06727322936058044,-0.045039965484919016
2,local,0,0,19,0.6740477681159973,12,-0.06719077378511429,-0.05038895914825736
2,local,0,1,19,0.6702016592025757,13,-0.06736905127763748,-0.05038895914825736
2,local,0,2,19,0.6334062814712524,13,-0.06817619502544403,-0.05038895914825736
2,local,0,3,19,0.6581260561943054,12,-0.06957504898309708,-0.05038895914825736
2,local,0,4,19,0.6512563824653625,13,-0.06672429293394089,-0.05038895914825736
2,track,1,0,16,0.6078117489814758,13,-0.06781808286905289,-0.046777433547235646
2,track,1,1,16,0.6210903525352478,13,-0.06520901620388031,-0.046777433547235646
2,track,1,2,16,0.6187801361083984,14,-0.06655434519052505,-0.046777433547235646
2,track,1,3,16,0.6106001734733582,14,-0.06735595315694809,-0.046777433547235646
2,track,1,4,16,0.6102412939071655,14,-0.06631764024496078,-0.046777433547235646
2,local,1,0,19,0.6478561758995056,13,-0.06856602430343628,-0.050969415569793945
2,local,1,1,19,0.660991370677948,13,-0.06675270199775696,-0.050969415569793945
2,local,1,2,19,0.6300654411315918,13,-0.06859461218118668,-0.050969415569793945
2,local,1,3,19,0.6469321250915527,13,-0.06627106666564941,-0.050969415569793945
2,local,1,4,19,0.6378600597381592,14,-0.06777168810367584,-0.050969415569793945
2,track,2,0,16,0.6078117489814758,13,-0.06781808286905289,-0.046777433547235646
2,track,2,1,16,0.6210903525352478,13,-0.06520901620388031,-0.046777433547235646
2,track,2,2,16,0.6187800765037537,14,-0.06655434519052505,-0.046777433547235646
2,track,2,3,16,0.6106003522872925,14,-0.06735595315694809,-0.046777433547235646
2,track,2,4,16,0.6102412343025208,14,-0.06631764024496078,-0.046777433547235646
2,local,2,0,19,0.6478563547134399,13,-0.06856602430343628,-0.050969415569793945
2,local,2,1,19,0.6609912514686584,13,-0.06675270199775696,-0.050969415569793945
2,local,2,2,19,0.6300653219223022,13,-0.06859461218118668,-0.050969415569793945
2,local,2,3,19,0.6469321250915527,13,-0.06627106666564941,-0.050969415569793945
2,local,2,4,19,0.6378602981567383,14,-0.06777168810367584,-0.050969415569793945
2,track,3,0,16,0.6078118085861206,13,-0.06781808286905289,-0.046777433547235646
2,track,3,1,16,0.6210903525352478,13,-0.06520901620388031,-0.046777433547235646
2,track,3,2,16,0.6187801957130432,14,-0.06655434519052505,-0.046777433547235646
2,track,3,3,16,0.6106001138687134,14,-0.06735595315694809,-0.046777433547235646
2,track,3,4,16,0.6102413535118103,14,-0.06631764024496078,-0.046777433547235646
2,local,3,0,19,0.6478561758995056,13,-0.06856602430343628,-0.050969415569793945
2,local,3,1,19,0.6609912514686584,13,-0.06675270199775696,-0.050969415569793945
2,local,3,2,19,0.6300654411315918,13,-0.06859461218118668,-0.050969415569793945
2,local,3,3,19,0.6469321250915527,13,-0.06627106666564941,-0.050969415569793945
2,local,3,4,19,0.637860119342804,14,-0.06777168810367584,-0.050969415569793945
2,track,4,0,16,0.6237944960594177,12,-0.06715701520442963,-0.04705978174772346
2,track,4,1,16,0.6254575252532959,13,-0.06622383743524551,-0.04705978174772346
2,track,4,2,16,0.6255788207054138,12,-0.06714372336864471,-0.04705978174772346
2,track,4,3,16,0.6223645806312561,12,-0.06637644022703171,-0.04705978174772346
2,track,4,4,16,0.614608883857727,13,-0.06535667181015015,-0.04705978174772346
2,local,4,0,19,0.6791984438896179,12,-0.06653477996587753,-0.04805071930445373
2,local,4,1,19,0.6870760321617126,13,-0.0670730322599411,-0.04805071930445373
2,local,4,2,19,0.6622961759567261,13,-0.06545042991638184,-0.04805071930445373
2,local,4,3,19,0.662233293056488,13,-0.0672697052359581,-0.04805071930445373
2,local,4,4,19,0.6758062839508057,14,-0.06600240617990494,-0.04805071930445373
2,track,5,0,16,0.6254830956459045,12,-0.06501761078834534,-0.045039965484919016
2,track,5,1,16,0.6291494369506836,12,-0.06698409467935562,-0.045039965484919016
2,track,5,2,16,0.6273068785667419,13,-0.06903649121522903,-0.045039965484919016
2,track,5,3,16,0.6343432664871216,13,-0.06682784110307693,-0.045039965484919016
2,track,5,4,16,0.6303493976593018,13,-0.06727322936058044,-0.045039965484919016
2,local,5,0,19,0.6740478277206421,12,-0.06719077378511429,-0.05038895914825736
2,local,5,1,19,0.6702015399932861,13,-0.06736905127763748,-0.05038895914825736
2,local,5,2,19,0.6334065198898315,13,-0.06817619502544403,-0.05038895914825736
2,local,5,3,19,0.6581258177757263,12,-0.06957504898309708,-0.05038895914825736
2,local,5,4,19,0.6512565612792969,13,-0.06672429293394089,-0.05038895914825736
4,track,0,0,22,0.6359918713569641,12,-0.0661683902144432,-0.045545958034394006
4,track,0,1,22,0.6445462703704834,13,-0.066350556910038,-0.045545958034394006
4,track,0,2,22,0.6480903625488281,13,-0.0669158548116684,-0.045545958034394006
4,track,0,3,22,0.6293675899505615,13,-0.06827753037214279,-0.045545958034394006
4,track,0,4,22,0.6398096680641174,13,-0.06782481074333191,-0.045545958034394006
4,local,0,0,25,0.6254303455352783,15,-0.0645475760102272,-0.05071340183737678
4,local,0,1,25,0.5712122917175293,15,-0.06781450659036636,-0.05071340183737678
4,local,0,2,25,0.5499431490898132,15,-0.06874280422925949,-0.05071340183737678
4,local,0,3,25,0.5402590036392212,15,-0.06613275408744812,-0.05071340183737678
4,local,0,4,25,0.5539308786392212,15,-0.06732574105262756,-0.05071340183737678
4,track,1,0,22,0.6243104934692383,13,-0.06628471612930298,-0.04638800316834787
4,track,1,1,22,0.6246058344841003,13,-0.06760918349027634,-0.04638800316834787
4,track,1,2,22,0.6379784345626831,13,-0.06828264147043228,-0.04638800316834787
4,track,1,3,22,0.6222045421600342,13,-0.06460272520780563,-0.04638800316834787
4,track,1,4,22,0.6302773952484131,13,-0.0691315233707428,-0.04638800316834787
4,local,1,0,25,0.7016012668609619,15,-0.06680075079202652,-0.05008381197089159
4,local,1,1,25,0.5092332363128662,14,-0.06606031954288483,-0.05008381197089159
4,local,1,2,25,0.5185174942016602,14,-0.06856050342321396,-0.05008381197089159
4,local,1,3,25,0.6310965418815613,14,-0.06695498526096344,-0.05008381197089159
4,local,1,4,25,0.6839341521263123,15,-0.06577112525701523,-0.05008381197089159
4,track,2,0,22,0.6230144500732422,13,-0.06475181877613068,-0.04597048158365073
4,track,2,1,22,0.6210213303565979,13,-0.0650537982583046,-0.04597048158365073
4,track,2,2,22,0.6290550231933594,13,-0.06505775451660156,-0.04597048158365073
4,track,2,3,22,0.6216763854026794,12,-0.06513017416000366,-0.04597048158365073
4,track,2,4,22,0.6254337430000305,13,-0.06829333305358887,-0.04597048158365073
4,local,2,0,25,0.7308862209320068,16,-0.06488903611898422,-0.04806007579508009
4,local,2,1,25,0.706061065196991,13,-0.06485749036073685,-0.04806007579508009
4,local,2,2,25,0.6898685097694397,14,-0.06851249188184738,-0.04806007579508009
4,local,2,3,25,0.7178618311882019,13,-0.0669877901673317,-0.04806007579508009
4,local,2,4,25,0.7252598404884338,14,-0.06425079703330994,-0.04806007579508009
4,track,3,0,22,0.6207650303840637,13,-0.0666520968079567,-0.04710479718035994
4,track,3,1,22,0.6267485618591309,13,-0.06509032100439072,-0.04710479718035994
4,track,3,2,22,0.6356766223907471,13,-0.06874296069145203,-0.04710479718035994
4,track,3,3,22,0.6290944218635559,13,-0.0672854334115982,-0.04710479718035994
4,track,3,4,22,0.6329257488250732,13,-0.0650193840265274,-0.04710479718035994
4,local,3,0,25,0.7299832701683044,15,-0.06582388281822205,-0.0464098180893249
4,local,3,1,25,0.7018539905548096,15,-0.06512893736362457,-0.0464098180893249
4,local,3,2,25,0.7004297971725464,14,-0.0681292787194252,-0.0464098180893249
4,local,3,3,25,0.7113333940505981,13,-0.06795550137758255,-0.0464098180893249
4,local,3,4,25,0.7220730781555176,14,-0.06662600487470627,-0.0464098180893249
4,track,4,0,22,0.6155258417129517,12,-0.06731652468442917,-0.0451779068109917
4,track,4,1,22,0.6253969073295593,13,-0.06426996737718582,-0.0451779068109917
4,track,4,2,22,0.6297896504402161,13,-0.06601150333881378,-0.0451779068109917
4,track,4,3,22,0.6209024786949158,13,-0.06425417959690094,-0.0451779068109917
4,track,4,4,22,0.6328604817390442,13,-0.0672205314040184,-0.0451779068109917
4,local,4,0,25,0.6049858331680298,15,-0.06701631844043732,-0.046939136352963165
4,local,4,1,25,0.5997546315193176,15,-0.06606753915548325,-0.046939136352963165
4,local,4,2,25,0.5873446464538574,14,-0.06734786927700043,-0.046939136352963165
4,local,4,3,25,0.6049699783325195,14,-0.06641882658004761,-0.046939136352963165
4,local,4,4,25,0.6183592081069946,14,-0.06711558252573013,-0.046939136352963165
4,track,5,0,22,0.6359919309616089,12,-0.0661683902144432,-0.045545958034394006
4,track,5,1,22,0.6445462703704834,13,-0.066350556910038,-0.045545958034394006
4,track,5,2,22,0.6480905413627625,13,-0.0669158548116684,-0.045545958034394006
4,track,5,3,22,0.6293676495552063,13,-0.06827753037214279,-0.045545958034394006
4,track,5,4,22,0.6398096680641174,13,-0.06782481074333191,-0.045545958034394006
4,local,5,0,25,0.6254304051399231,15,-0.0645475760102272,-0.05071340183737678
4,local,5,1,25,0.5712123513221741,15,-0.06781450659036636,-0.05071340183737678
4,local,5,2,25,0.5499430894851685,15,-0.06874280422925949,-0.05071340183737678
4,local,5,3,25,0.5402589440345764,15,-0.06613275408744812,-0.05071340183737678
4,local,5,4,25,0.5539308190345764,15,-0.06732574105262756,-0.05071340183737678
6,track,0,0,28,0.6478934288024902,12,-0.06599055230617523,-0.04278965554551489
6,track,0,1,28,0.6411396861076355,13,-0.06387577950954437,-0.04278965554551489
6,track,0,2,28,0.6458486914634705,13,-0.06829751282930374,-0.04278965554551489
6,track,0,3,28,0.6451245546340942,13,-0.06751375645399094,-0.04278965554551489
6,track,0,4,28,0.6377115249633789,14,-0.06552069634199142,-0.04278965554551489
6,local,0,0,31,0.61250901222229,16,-0.06603025645017624,-0.045075590555784674
6,local,0,1,31,0.584826648235321,16,-0.06763187050819397,-0.045075590555784674
6,local,0,2,31,0.5831509828567505,16,-0.06751174479722977,-0.045075590555784674
6,local,0,3,31,0.5731585621833801,16,-0.0659133568406105,-0.045075590555784674
6,local,0,4,31,0.575175940990448,15,-0.06846011430025101,-0.045075590555784674
6,track,1,0,28,0.6351081728935242,13,-0.0675855353474617,-0.04693055331788874
6,track,1,1,28,0.6278155446052551,14,-0.06779440492391586,-0.04693055331788874
6,track,1,2,28,0.6423338651657104,14,-0.06682302057743073,-0.04693055331788874
6,track,1,3,28,0.6380839943885803,13,-0.06595732271671295,-0.04693055331788874
6,track,1,4,28,0.6326630115509033,13,-0.06645872443914413,-0.04693055331788874
6,local,1,0,31,0.7038818597793579,15,-0.0668664276599884,-0.047488046182667484
6,local,1,1,31,0.4493524432182312,15,-0.06666089594364166,-0.047488046182667484
6,local,1,2,31,0.6747822761535645,15,-0.06682030111551285,-0.047488046182667484
6,local,1,3,31,0.6966129541397095,15,-0.06513398885726929,-0.047488046182667484
6,local,1,4,31,0.6973357200622559,15,-0.06917713582515717,-0.047488046182667484
6,track,2,0,28,0.6412455439567566,14,-0.06553860008716583,-0.04570463452703105
6,track,2,1,28,0.6346976161003113,14,-0.06649202853441238,-0.04570463452703105
6,track,2,2,28,0.6410828828811646,14,-0.06754245609045029,-0.04570463452703105
6,track,2,3,28,0.6438677906990051,13,-0.06799012422561646,-0.04570463452703105
6,track,2,4,28,0.6436973214149475,14,-0.06665963679552078,-0.04570463452703105
6,local,2,0,31,0.7062684297561646,15,-0.06722696125507355,-0.047976572066886616
6,local,2,1,31,0.6933994293212891,14,-0.06641437113285065,-0.047976572066886616
6,local,2,2,31,0.6602191925048828,15,-0.06874796748161316,-0.047976572066886616
6,local,2,3,31,0.7009322643280029,15,-0.06595379114151001,-0.047976572066886616
6,local,2,4,31,0.7068243026733398,13,-0.06896594166755676,-0.047976572066886616
6,track,3,0,28,0.641093373298645,13,-0.06537901610136032,-0.045277577086996576
6,track,3,1,28,0.6387023329734802,14,-0.06835166364908218,-0.045277577086996576
6,track,3,2,28,0.647778332233429,14,-0.06768211722373962,-0.045277577086996576
6,track,3,3,28,0.6446090936660767,13,-0.0681237056851387,-0.045277577086996576
6,track,3,4,28,0.6434754133224487,13,-0.0673351064324379,-0.045277577086996576
6,local,3,0,31,0.7051045298576355,15,-0.06691914796829224,-0.04697820992915183
6,local,3,1,31,0.6368785500526428,14,-0.06760041415691376,-0.04697820992915183
6,local,3,2,31,0.6783840656280518,14,-0.0656207948923111,-0.04697820992915183
6,local,3,3,31,0.7135412693023682,15,-0.06598829478025436,-0.04697820992915183
6,local,3,4,31,0.7155051827430725,14,-0.0664995014667511,-0.04697820992915183
6,track,4,0,28,0.6402338147163391,12,-0.06742022931575775,-0.04675079881714234
6,track,4,1,28,0.634498655796051,13,-0.06803413480520248,-0.04675079881714234
6,track,4,2,28,0.6436231136322021,13,-0.06725028902292252,-0.04675079881714234
6,track,4,3,28,0.6379373073577881,13,-0.06798307597637177,-0.04675079881714234
6,track,4,4,28,0.6429490447044373,13,-0.06611832976341248,-0.04675079881714234
6,local,4,0,31,0.5988268256187439,15,-0.0662156417965889,-0.04781087333227306
6,local,4,1,31,0.593452513217926,15,-0.06664029508829117,-0.04781087333227306
6,local,4,2,31,0.5808046460151672,15,-0.06804707646369934,-0.04781087333227306
6,local,4,3,31,0.6005451083183289,15,-0.06783151626586914,-0.04781087333227306
6,local,4,4,31,0.6058881282806396,14,-0.06830611079931259,-0.04781087333227306
6,track,5,0,28,0.6561700105667114,13,-0.0654730275273323,-0.04524623468576251
6,track,5,1,28,0.6486020088195801,13,-0.06853635609149933,-0.04524623468576251
6,track,5,2,28,0.6548008322715759,14,-0.06768015772104263,-0.04524623468576251
6,track,5,3,28,0.6533389687538147,13,-0.06810354441404343,-0.04524623468576251
6,track,5,4,28,0.6504520773887634,13,-0.06618554145097733,-0.04524623468576251
6,local,5,0,31,0.6044726371765137,16,-0.06796570867300034,-0.046290143002199864
6,local,5,1,31,0.5928234457969666,16,-0.06555924564599991,-0.046290143002199864
6,local,5,2,31,0.5842207074165344,16,-0.06795791536569595,-0.046290143002199864
6,local,5,3,31,0.5857459902763367,16,-0.06491358578205109,-0.046290143002199864
6,local,5,4,31,0.5805922746658325,16,-0.06605290621519089,-0.046290143002199864
8,track,0,0,34,0.6186065077781677,13,-0.0662093535065651,-0.05029130242696721
8,track,0,1,34,0.6401240825653076,13,-0.06889624148607254,-0.05029130242696721
8,track,0,2,34,0.6243218779563904,13,-0.06240635737776756,-0.05029130242696721
8,track,0,3,34,0.63483065366745,13,-0.0668712928891182,-0.05029130242696721
8,track,0,4,34,0.6396191120147705,13,-0.06453084200620651,-0.05029130242696721
8,local,0,0,37,0.5803633332252502,14,-0.06577356159687042,-0.04821063829278881
8,local,0,1,37,0.589287281036377,16,-0.06757260113954544,-0.04821063829278881
8,local,0,2,37,0.5870236754417419,16,-0.0676332637667656,-0.04821063829278881
8,local,0,3,37,0.6042360067367554,16,-0.0669962540268898,-0.04821063829278881
8,local,0,4,37,0.5900120735168457,15,-0.0666259303689003,-0.04821063829278881
8,track,1,0,34,0.6168237924575806,14,-0.06740836054086685,-0.051065988093955704
8,track,1,1,34,0.6344214081764221,14,-0.06694518774747849,-0.051065988093955704
8,track,1,2,34,0.6307706236839294,13,-0.0675981193780899,-0.051065988093955704
8,track,1,3,34,0.6294589042663574,15,-0.06828663498163223,-0.051065988093955704
8,track,1,4,34,0.640885055065155,14,-0.06789882481098175,-0.051065988093955704
8,local,1,0,37,0.6964452266693115,15,-0.06690376251935959,-0.046156491563679306
8,local,1,1,37,0.7078511714935303,16,-0.06489897519350052,-0.046156491563679306
8,local,1,2,37,0.7178086638450623,16,-0.0677582398056984,-0.046156491563679306
8,local,1,3,37,0.6974183320999146,15,-0.06682917475700378,-0.046156491563679306
8,local,1,4,37,0.6946954727172852,15,-0.0662330761551857,-0.046156491563679306
8,track,2,0,34,0.6202080845832825,15,-0.06981506198644638,-0.05132200310907357
8,track,2,1,34,0.6416882276535034,15,-0.06758345663547516,-0.05132200310907357
8,track,2,2,34,0.6295272707939148,14,-0.06839257478713989,-0.05132200310907357
8,track,2,3,34,0.6269650459289551,16,-0.06823299825191498,-0.05132200310907357
8,track,2,4,34,0.6393600106239319,15,-0.0680738165974617,-0.05132200310907357
8,local,2,0,37,0.7000492811203003,15,-0.06736300140619278,-0.04897509005770169
8,local,2,1,37,0.7076825499534607,15,-0.06427818536758423,-0.04897509005770169
8,local,2,2,37,0.7157570719718933,15,-0.06767133623361588,-0.04897509005770169
8,local,2,3,37,0.709859311580658,14,-0.06701941788196564,-0.04897509005770169
8,local,2,4,37,0.7023178339004517,14,-0.06782280653715134,-0.04897509005770169
8,track,3,0,34,0.621790885925293,13,-0.06707749515771866,-0.050439483360233885
8,track,3,1,34,0.639502227306366,14,-0.06701977550983429,-0.050439483360233885
8,track,3,2,34,0.635407567024231,13,-0.06738512217998505,-0.050439483360233885
8,track,3,3,34,0.6303647756576538,14,-0.06760966032743454,-0.050439483360233885
8,track,3,4,34,0.6361343264579773,14,-0.06668104976415634,-0.050439483360233885
8,local,3,0,37,0.7036110162734985,15,-0.06816673278808594,-0.04657637276959643
8,local,3,1,37,0.7066773176193237,16,-0.0663929432630539,-0.04657637276959643
8,local,3,2,37,0.7220041155815125,17,-0.06664150208234787,-0.04657637276959643
8,local,3,3,37,0.7023196220397949,15,-0.06553472578525543,-0.04657637276959643
8,local,3,4,37,0.6997984051704407,15,-0.06484440714120865,-0.04657637276959643
8,track,4,0,34,0.6311429142951965,12,-0.06763734668493271,-0.050736819825479715
8,track,4,1,34,0.6534683108329773,13,-0.06702134013175964,-0.050736819825479715
8,track,4,2,34,0.6473778486251831,13,-0.06664194166660309,-0.050736819825479715
8,track,4,3,34,0.6406286358833313,15,-0.06809390336275101,-0.050736819825479715
8,track,4,4,34,0.6479402780532837,14,-0.06610780954360962,-0.050736819825479715
8,local,4,0,37,0.5983009934425354,14,-0.0651167780160904,-0.04477654135728
8,local,4,1,37,0.5874320864677429,15,-0.06536310911178589,-0.04477654135728
8,local,4,2,37,0.598102331161499,16,-0.06630036979913712,-0.04477654135728
8,local,4,3,37,0.5865437984466553,15,-0.06621133536100388,-0.04477654135728
8,local,4,4,37,0.5872154831886292,15,-0.06710006296634674,-0.04477654135728
8,track,5,0,34,0.6294599175453186,13,-0.06715764105319977,-0.049442922198913
8,track,5,1,34,0.6589335203170776,13,-0.06614755839109421,-0.049442922198913
8,track,5,2,34,0.6309210658073425,13,-0.06672778725624084,-0.049442922198913
8,track,5,3,34,0.6461296081542969,13,-0.0654948279261589,-0.049442922198913
8,track,5,4,34,0.6552072763442993,13,-0.06651827692985535,-0.049442922198913
8,local,5,0,37,0.5788023471832275,16,-0.06599081307649612,-0.046463550771194274
8,local,5,1,37,0.5554157495498657,16,-0.06801513582468033,-0.046463550771194274
8,local,5,2,37,0.5685664415359497,17,-0.06748438626527786,-0.046463550771194274
8,local,5,3,37,0.5831212997436523,16,-0.06793490052223206,-0.046463550771194274
8,local,5,4,37,0.5745395421981812,17,-0.06816254556179047,-0.046463550771194274
12,track,0,0,46,0.6341019868850708,14,-0.06772617250680923,-0.04843674365298023
12,track,0,1,46,0.6427450776100159,12,-0.0686478316783905,-0.04843674365298023
12,track,0,2,46,0.6289151310920715,12,-0.06846735626459122,-0.04843674365298023
12,track,0,3,46,0.6394389271736145,13,-0.06785503029823303,-0.04843674365298023
12,track,0,4,46,0.6450037360191345,13,-0.06768838316202164,-0.04843674365298023
12,local,0,0,49,0.6308926343917847,12,-0.0683225467801094,-0.04727103854921873
12,local,0,1,49,0.6237839460372925,14,-0.06827296316623688,-0.04727103854921873
12,local,0,2,49,0.6475333571434021,14,-0.06643065810203552,-0.04727103854921873
12,local,0,3,49,0.644535481929779,16,-0.06822005659341812,-0.04727103854921873
12,local,0,4,49,0.6350098252296448,14,-0.06688914448022842,-0.04727103854921873
12,track,1,0,46,0.6246639490127563,16,-0.06771297007799149,-0.04871575042687272
12,track,1,1,46,0.6307494640350342,13,-0.06535042077302933,-0.04871575042687272
12,track,1,2,46,0.6374790072441101,14,-0.0681241899728775,-0.04871575042687272
12,track,1,3,46,0.6236546635627747,16,-0.06783701479434967,-0.04871575042687272
12,track,1,4,46,0.6282058954238892,16,-0.06802850216627121,-0.04871575042687272
12,local,1,0,49,0.7073481678962708,13,-0.06705303490161896,-0.04661671590203276
12,local,1,1,49,0.6913045048713684,14,-0.06716715544462204,-0.04661671590203276
12,local,1,2,49,0.7169113755226135,13,-0.06866455078125,-0.04661671590203276
12,local,1,3,49,0.7059719562530518,15,-0.06572484225034714,-0.04661671590203276
12,local,1,4,49,0.7064840197563171,14,-0.06855498999357224,-0.04661671590203276
12,track,2,0,46,0.6309865713119507,13,-0.0677679255604744,-0.04714139421255541
12,track,2,1,46,0.6351392865180969,13,-0.06845861673355103,-0.04714139421255541
12,track,2,2,46,0.6390916705131531,13,-0.06817623972892761,-0.04714139421255541
12,track,2,3,46,0.6288326382637024,15,-0.06701360642910004,-0.04714139421255541
12,track,2,4,46,0.6384156346321106,15,-0.0659744143486023,-0.04714139421255541
12,local,2,0,49,0.7106280326843262,13,-0.06756941974163055,-0.04909506442482437
12,local,2,1,49,0.6960009336471558,13,-0.06703255325555801,-0.04909506442482437
12,local,2,2,49,0.7153812646865845,13,-0.06497445702552795,-0.04909506442482437
12,local,2,3,49,0.7114646434783936,14,-0.06798066943883896,-0.04909506442482437
12,local,2,4,49,0.7102027535438538,13,-0.06689263880252838,-0.04909506442482437
12,track,3,0,46,0.6417988538742065,13,-0.06820633262395859,-0.04869623701275759
12,track,3,1,46,0.6476998329162598,13,-0.06869246810674667,-0.04869623701275759
12,track,3,2,46,0.6479030847549438,13,-0.06931670755147934,-0.04869623701275759
12,track,3,3,46,0.6372889876365662,14,-0.06788922846317291,-0.04869623701275759
12,track,3,4,46,0.6374448537826538,15,-0.06706345826387405,-0.04869623701275759
12,local,3,0,49,0.7116590738296509,13,-0.06707851588726044,-0.04820577229301515
12,local,3,1,49,0.6906805634498596,13,-0.06718645989894867,-0.04820577229301515
12,local,3,2,49,0.7169044017791748,13,-0.06655661761760712,-0.04820577229301515
12,local,3,3,49,0.7131826877593994,15,-0.06715293228626251,-0.04820577229301515
12,local,3,4,49,0.7064321637153625,13,-0.0682767778635025,-0.04820577229301515
12,track,4,0,46,0.6473612189292908,13,-0.06833140552043915,-0.04674902912485157
12,track,4,1,46,0.6508408188819885,12,-0.06662887334823608,-0.04674902912485157
12,track,4,2,46,0.648960530757904,14,-0.06783884763717651,-0.04674902912485157
12,track,4,3,46,0.6374202370643616,16,-0.06617800146341324,-0.04674902912485157
12,track,4,4,46,0.6423475742340088,15,-0.06882400065660477,-0.04674902912485157
12,local,4,0,49,0.7067235708236694,13,-0.0676402598619461,-0.04565386464802256
12,local,4,1,49,0.6371936202049255,14,-0.06777447462081909,-0.04565386464802256
12,local,4,2,49,0.7180580496788025,15,-0.06761742383241653,-0.04565386464802256
12,local,4,3,49,0.6978094577789307,14,-0.06712416559457779,-0.04565386464802256
12,local,4,4,49,0.6974951028823853,14,-0.06837749481201172,-0.04565386464802256
12,track,5,0,46,0.6400302052497864,15,-0.06894223392009735,-0.04810518766565745
12,track,5,1,46,0.6504908204078674,12,-0.06547520309686661,-0.04810518766565745
12,track,5,2,46,0.6311196088790894,13,-0.06617140769958496,-0.04810518766565745
12,track,5,3,46,0.6470279693603516,13,-0.06657705456018448,-0.04810518766565745
12,track,5,4,46,0.6467435359954834,15,-0.06743202358484268,-0.04810518766565745
12,local,5,0,49,0.6288401484489441,14,-0.06820589303970337,-0.047263194461465693
12,local,5,1,49,0.5719241499900818,16,-0.06665333360433578,-0.047263194461465693
12,local,5,2,49,0.6650241613388062,14,-0.06822764128446579,-0.047263194461465693
12,local,5,3,49,0.6239964365959167,17,-0.06677062809467316,-0.047263194461465693
12,local,5,4,49,0.620312511920929,14,-0.06612381339073181,-0.047263194461465693
16,track,0,0,58,0.6293904781341553,13,-0.06754991412162781,-0.04234587010610234
16,track,0,1,58,0.6497084498405457,12,-0.06782723218202591,-0.04234587010610234
16,track,0,2,58,0.6332181692123413,13,-0.06811394542455673,-0.04234587010610234
16,track,0,3,58,0.6407247185707092,14,-0.0657970979809761,-0.04234587010610234
16,track,0,4,58,0.6521362662315369,14,-0.06605151295661926,-0.04234587010610234
16,local,0,0,61,0.6281371712684631,13,-0.06620930135250092,-0.05475357310989728
16,local,0,1,61,0.6171176433563232,16,-0.06579560041427612,-0.05475357310989728
16,local,0,2,61,0.6320534944534302,14,-0.06579500436782837,-0.05475357310989728
16,local,0,3,61,0.619961678981781,14,-0.06667392700910568,-0.05475357310989728
16,local,0,4,61,0.6246431469917297,13,-0.06652192026376724,-0.05475357310989728
16,track,1,0,58,0.609216570854187,14,-0.06714092195034027,-0.05080257404813945
16,track,1,1,58,0.6290055513381958,13,-0.06744874268770218,-0.05080257404813945
16,track,1,2,58,0.6203587651252747,14,-0.06619784235954285,-0.05080257404813945
16,track,1,3,58,0.6261224150657654,15,-0.0695042610168457,-0.05080257404813945
16,track,1,4,58,0.6307645440101624,15,-0.0682506188750267,-0.05080257404813945
16,local,1,0,61,0.688876748085022,13,-0.06738939881324768,-0.054295028169424484
16,local,1,1,61,0.67205411195755,15,-0.06743855029344559,-0.054295028169424484
16,local,1,2,61,0.6860489249229431,14,-0.06778229773044586,-0.054295028169424484
16,local,1,3,61,0.6641821265220642,14,-0.06898648291826248,-0.054295028169424484
16,local,1,4,61,0.6688507795333862,13,-0.06583256274461746,-0.054295028169424484
16,track,2,0,58,0.6060850024223328,15,-0.06817486137151718,-0.05093643202790957
16,track,2,1,58,0.6254721879959106,14,-0.06876301765441895,-0.05093643202790957
16,track,2,2,58,0.6144707798957825,14,-0.06944890320301056,-0.05093643202790957
16,track,2,3,58,0.6155508756637573,16,-0.06609956175088882,-0.05093643202790957
16,track,2,4,58,0.6206877827644348,15,-0.06731659919023514,-0.05093643202790957
16,local,2,0,61,0.6659532785415649,13,-0.06694290041923523,-0.05662250581501056
16,local,2,1,61,0.6598548293113708,13,-0.06663630902767181,-0.05662250581501056
16,local,2,2,61,0.67510586977005,13,-0.06817667186260223,-0.05662250581501056
16,local,2,3,61,0.660881519317627,13,-0.06767132133245468,-0.05662250581501056
16,local,2,4,61,0.6568870544433594,13,-0.06911302357912064,-0.05662250581501056
16,track,3,0,58,0.6529317498207092,14,-0.06742434203624725,-0.04718869287049869
16,track,3,1,58,0.6706965565681458,13,-0.06802719831466675,-0.04718869287049869
16,track,3,2,58,0.6666753888130188,14,-0.06747178733348846,-0.04718869287049869
16,track,3,3,58,0.662119448184967,16,-0.06787248700857162,-0.04718869287049869
16,track,3,4,58,0.6610168218612671,15,-0.06743976473808289,-0.04718869287049869
16,local,3,0,61,0.6873979568481445,13,-0.06837112456560135,-0.05262409292277453
16,local,3,1,61,0.6714397668838501,15,-0.06809251755475998,-0.05262409292277453
16,local,3,2,61,0.6914825439453125,13,-0.064767986536026,-0.05262409292277453
16,local,3,3,61,0.6560698747634888,14,-0.06670337915420532,-0.05262409292277453
16,local,3,4,61,0.6703980565071106,13,-0.06680376827716827,-0.05262409292277453
16,track,4,0,58,0.6304805278778076,14,-0.0678609237074852,-0.05018308342574332
16,track,4,1,58,0.6516833305358887,13,-0.06702730804681778,-0.05018308342574332
16,track,4,2,58,0.6484013795852661,14,-0.0670979917049408,-0.05018308342574332
16,track,4,3,58,0.6453725099563599,16,-0.06599882990121841,-0.05018308342574332
16,track,4,4,58,0.6487525105476379,15,-0.06779525429010391,-0.05018308342574332
16,local,4,0,61,0.6744202971458435,14,-0.06726910918951035,-0.05051272650464223
16,local,4,1,61,0.676937460899353,15,-0.06772270798683167,-0.05051272650464223
16,local,4,2,61,0.6713079810142517,15,-0.06443121284246445,-0.05051272650464223
16,local,4,3,61,0.6808648109436035,14,-0.06720833480358124,-0.05051272650464223
16,local,4,4,61,0.6606875061988831,14,-0.06587832421064377,-0.05051272650464223
16,track,5,0,58,0.6320697665214539,13,-0.06792397797107697,-0.04987556192232467
16,track,5,1,58,0.6461384296417236,13,-0.06676966696977615,-0.04987556192232467
16,track,5,2,58,0.6317906975746155,14,-0.06732933223247528,-0.04987556192232467
16,track,5,3,58,0.6419996619224548,15,-0.06577114015817642,-0.04987556192232467
16,track,5,4,58,0.6488161683082581,14,-0.06848813593387604,-0.04987556192232467
16,local,5,0,61,0.6295161843299866,14,-0.068569116294384,-0.05433757065764657
16,local,5,1,61,0.6191203594207764,16,-0.0664353221654892,-0.05433757065764657
16,local,5,2,61,0.6263523697853088,14,-0.06509441882371902,-0.05433757065764657
16,local,5,3,61,0.6185293793678284,15,-0.06808320432901382,-0.05433757065764657
16,local,5,4,61,0.6332210302352905,14,-0.06819012016057968,-0.05433757065764657
24,track,0,0,82,0.63875412940979,13,-0.06876929104328156,-0.049157204310454075
24,track,0,1,82,0.6308823823928833,12,-0.06790830194950104,-0.049157204310454075
24,track,0,2,82,0.6445937752723694,13,-0.06563140451908112,-0.049157204310454075
24,track,0,3,82,0.6404352784156799,13,-0.06500739604234695,-0.049157204310454075
24,track,0,4,82,0.6417103409767151,13,-0.06581664085388184,-0.049157204310454075
24,local,0,0,85,0.6182911992073059,14,-0.06661859154701233,-0.05208432373485014
24,local,0,1,85,0.6016512513160706,14,-0.06563965231180191,-0.05208432373485014
24,local,0,2,85,0.6146709322929382,13,-0.0661015659570694,-0.05208432373485014
24,local,0,3,85,0.617536723613739,13,-0.0676707774400711,-0.05208432373485014
24,local,0,4,85,0.6099241375923157,13,-0.06763865798711777,-0.05208432373485014
24,track,1,0,82,0.6479065418243408,15,-0.06690052151679993,-0.050818305494836895
24,track,1,1,82,0.6255651712417603,15,-0.0681188628077507,-0.050818305494836895
24,track,1,2,82,0.6491035223007202,14,-0.06687512993812561,-0.050818305494836895
24,track,1,3,82,0.6410630941390991,15,-0.06671103835105896,-0.050818305494836895
24,track,1,4,82,0.6373977065086365,15,-0.06788436323404312,-0.050818305494836895
24,local,1,0,85,0.6210139393806458,14,-0.06650114804506302,-0.048755447350906346
24,local,1,1,85,0.6060559749603271,14,-0.06754451245069504,-0.048755447350906346
24,local,1,2,85,0.6059046387672424,13,-0.06747911125421524,-0.048755447350906346
24,local,1,3,85,0.6596050262451172,14,-0.06653571873903275,-0.048755447350906346
24,local,1,4,85,0.5959424376487732,13,-0.06439140439033508,-0.048755447350906346
24,track,2,0,82,0.6182748675346375,16,-0.06867408752441406,-0.05215074753306886
24,track,2,1,82,0.6005761027336121,14,-0.06894223392009735,-0.05215074753306886
24,track,2,2,82,0.6136031746864319,15,-0.06817802786827087,-0.05215074753306886
24,track,2,3,82,0.6157141923904419,15,-0.06721426546573639,-0.05215074753306886
24,track,2,4,82,0.6124191880226135,16,-0.06818176060914993,-0.05215074753306886
24,local,2,0,85,0.6935478448867798,14,-0.06606441736221313,-0.050549024974606616
24,local,2,1,85,0.6506356000900269,13,-0.06816666573286057,-0.050549024974606616
24,local,2,2,85,0.6831949353218079,13,-0.06760074943304062,-0.050549024974606616
24,local,2,3,85,0.6859744787216187,13,-0.06682265549898148,-0.050549024974606616
24,local,2,4,85,0.6506822109222412,13,-0.06845895200967789,-0.050549024974606616
24,track,3,0,82,0.6448375582695007,15,-0.06559999287128448,-0.051877254276833214
24,track,3,1,82,0.6345937848091125,14,-0.06773295998573303,-0.051877254276833214
24,track,3,2,82,0.6497740745544434,14,-0.06822619587182999,-0.051877254276833214
24,track,3,3,82,0.6394485235214233,14,-0.06780534982681274,-0.051877254276833214
24,track,3,4,82,0.646719753742218,14,-0.06735967099666595,-0.051877254276833214
24,local,3,0,85,0.6300995945930481,13,-0.06727378070354462,-0.048746073004813525
24,local,3,1,85,0.6126652359962463,13,-0.06626120209693909,-0.048746073004813525
24,local,3,2,85,0.622815728187561,13,-0.06540112942457199,-0.048746073004813525
24,local,3,3,85,0.6542806625366211,13,-0.06704926490783691,-0.048746073004813525
24,local,3,4,85,0.6016979813575745,13,-0.06750918179750443,-0.048746073004813525
24,track,4,0,82,0.6385601162910461,16,-0.06821339577436447,-0.053681669401639424
24,track,4,1,82,0.6258673667907715,15,-0.06820962578058243,-0.053681669401639424
24,track,4,2,82,0.6375500559806824,15,-0.06895456463098526,-0.053681669401639424
24,track,4,3,82,0.6345598697662354,15,-0.06951597332954407,-0.053681669401639424
24,track,4,4,82,0.6360399127006531,16,-0.06804288923740387,-0.053681669401639424
24,local,4,0,85,0.6244500279426575,14,-0.06674228608608246,-0.05212956075334833
24,local,4,1,85,0.6005133390426636,13,-0.06589995324611664,-0.05212956075334833
24,local,4,2,85,0.605937659740448,14,-0.0660477727651596,-0.05212956075334833
24,local,4,3,85,0.6136183142662048,14,-0.06657005846500397,-0.05212956075334833
24,local,4,4,85,0.594243049621582,13,-0.06557038426399231,-0.05212956075334833
24,track,5,0,82,0.6447851657867432,15,-0.06747503578662872,-0.050453687094036
24,track,5,1,82,0.6310640573501587,13,-0.0670752301812172,-0.050453687094036
24,track,5,2,82,0.6473396420478821,15,-0.06838933378458023,-0.050453687094036
24,track,5,3,82,0.6406684517860413,14,-0.06673365086317062,-0.050453687094036
24,track,5,4,82,0.6447057723999023,14,-0.06649292260408401,-0.050453687094036
24,local,5,0,85,0.6236991882324219,15,-0.06678536534309387,-0.0504749371806644
24,local,5,1,85,0.6022378206253052,15,-0.06648454815149307,-0.0504749371806644
24,local,5,2,85,0.6149206161499023,14,-0.06754184514284134,-0.0504749371806644
24,local,5,3,85,0.6182834506034851,13,-0.06808175146579742,-0.0504749371806644
24,local,5,4,85,0.6016420125961304,14,-0.06646038591861725,-0.0504749371806644
32,track,0,0,106,0.6672760844230652,13,-0.06552662700414658,-0.047175952637288375
32,track,0,1,106,0.6599814891815186,13,-0.06635794788599014,-0.047175952637288375
32,track,0,2,106,0.6431586742401123,13,-0.06825569272041321,-0.047175952637288375
32,track,0,3,106,0.6574492454528809,13,-0.0683634951710701,-0.047175952637288375
32,track,0,4,106,0.646867036819458,12,-0.06764866411685944,-0.047175952637288375
32,local,0,0,109,0.6255698204040527,15,-0.06700404733419418,-0.046946112059684436
32,local,0,1,109,0.6224780082702637,13,-0.06559060513973236,-0.046946112059684436
32,local,0,2,109,1.594399094581604,14,-0.06764673441648483,-0.046946112059684436
32,local,0,3,109,0.6056617498397827,13,-0.06638190895318985,-0.046946112059684436
32,local,0,4,109,0.6155160069465637,15,-0.06655675917863846,-0.046946112059684436
32,track,1,0,106,0.6471239924430847,15,-0.06858973950147629,-0.04781641481058748
32,track,1,1,106,0.6422537565231323,14,-0.06739205121994019,-0.04781641481058748
32,track,1,2,106,0.6265544891357422,15,-0.06790748238563538,-0.04781641481058748
32,track,1,3,106,0.6480417251586914,14,-0.06864455342292786,-0.04781641481058748
32,track,1,4,106,0.6261266469955444,14,-0.06690263748168945,-0.04781641481058748
32,local,1,0,109,0.6422531604766846,13,-0.0658874586224556,-0.04789803753241952
32,local,1,1,109,0.6390516757965088,13,-0.06776724755764008,-0.04789803753241952
32,local,1,2,109,0.6402321457862854,14,-0.06476233154535294,-0.04789803753241952
32,local,1,3,109,0.6318566799163818,13,-0.0677962452173233,-0.04789803753241952
32,local,1,4,109,0.6454406976699829,14,-0.06674621254205704,-0.04789803753241952
32,track,2,0,106,0.6153678297996521,15,-0.06751903146505356,-0.049282307825272965
32,track,2,1,106,0.6158314943313599,14,-0.06881409138441086,-0.049282307825272965
32,track,2,2,106,0.6083495020866394,14,-0.06698013097047806,-0.049282307825272965
32,track,2,3,106,0.6183708310127258,14,-0.06835847347974777,-0.049282307825272965
32,track,2,4,106,0.6139991879463196,14,-0.06815555691719055,-0.049282307825272965
32,local,2,0,109,0.6310194730758667,15,-0.0670437216758728,-0.0480609491047869
32,local,2,1,109,0.6345047950744629,13,-0.06772524118423462,-0.0480609491047869
32,local,2,2,109,0.6296534538269043,14,-0.06934680044651031,-0.0480609491047869
32,local,2,3,109,0.6302902698516846,13,-0.06566830724477768,-0.0480609491047869
32,local,2,4,109,0.6318636536598206,15,-0.0676996111869812,-0.0480609491047869
32,track,3,0,106,0.6609018445014954,15,-0.06718733161687851,-0.04738237573850502
32,track,3,1,106,0.667788565158844,14,-0.06742996722459793,-0.04738237573850502
32,track,3,2,106,0.6470746397972107,14,-0.06899097561836243,-0.04738237573850502
32,track,3,3,106,0.6700158715248108,14,-0.06726942956447601,-0.04738237573850502
32,track,3,4,106,0.6381507515907288,14,-0.06679178774356842,-0.04738237573850502
32,local,3,0,109,0.6345421075820923,13,-0.06683491170406342,-0.048402439058509286
32,local,3,1,109,0.6224392056465149,13,-0.06807872653007507,-0.048402439058509286
32,local,3,2,109,0.6335108876228333,14,-0.06607207655906677,-0.048402439058509286
32,local,3,3,109,0.623346209526062,13,-0.06719959527254105,-0.048402439058509286
32,local,3,4,109,0.6289185881614685,14,-0.06573373824357986,-0.048402439058509286
32,track,4,0,106,0.6523758769035339,15,-0.06773003190755844,-0.04777214332234674
32,track,4,1,106,0.6498222351074219,14,-0.06796663999557495,-0.04777214332234674
32,track,4,2,106,0.6337683200836182,14,-0.06764238327741623,-0.04777214332234674
32,track,4,3,106,0.6533198952674866,14,-0.06640460342168808,-0.04777214332234674
32,track,4,4,106,0.6407060027122498,15,-0.06868550926446915,-0.04777214332234674
32,local,4,0,109,0.6391735672950745,13,-0.06639698147773743,-0.045868138429255044
32,local,4,1,109,0.6321002840995789,13,-0.0656854659318924,-0.045868138429255044
32,local,4,2,109,0.6328672766685486,14,-0.06873020529747009,-0.045868138429255044
32,local,4,3,109,0.6258319616317749,13,-0.06767936795949936,-0.045868138429255044
32,local,4,4,109,0.6452297568321228,14,-0.06722906231880188,-0.045868138429255044
32,track,5,0,106,0.6461224555969238,14,-0.06673087924718857,-0.04528140127420042
32,track,5,1,106,0.6340550184249878,14,-0.06528875231742859,-0.04528140127420042
32,track,5,2,106,0.6294881105422974,14,-0.06720421463251114,-0.04528140127420042
32,track,5,3,106,0.6418221592903137,13,-0.06890606880187988,-0.04528140127420042
32,track,5,4,106,0.6304741501808167,14,-0.06809081137180328,-0.04528140127420042
32,local,5,0,109,0.616593062877655,16,-0.06471297144889832,-0.044953647855969475
32,local,5,1,109,1.629112720489502,13,-0.06861279159784317,-0.044953647855969475
32,local,5,2,109,1.6069831848144531,14,-0.0669550895690918,-0.044953647855969475
32,local,5,3,109,0.6116122603416443,14,-0.06572280079126358,-0.044953647855969475
32,local,5,4,109,0.6174656748771667,15,-0.06642123311758041,-0.044953647855969475
48,track,0,0,154,0.6355230212211609,13,-0.0653945729136467,-0.049388830702165105
48,track,0,1,154,0.6428449153900146,14,-0.06543850153684616,-0.049388830702165105
48,track,0,2,154,0.6351033449172974,13,-0.06770425289869308,-0.049388830702165105
48,track,0,3,154,0.6519142985343933,12,-0.06930042803287506,-0.049388830702165105
48,track,0,4,154,0.635490357875824,13,-0.066307432949543,-0.049388830702165105
48,local,0,0,157,0.6133117079734802,13,-0.06742235273122787,-0.053358710671164405
48,local,0,1,157,0.6281465888023376,13,-0.06599205732345581,-0.053358710671164405
48,local,0,2,157,0.6167212724685669,14,-0.06690697371959686,-0.053358710671164405
48,local,0,3,157,0.6219980120658875,16,-0.06560207903385162,-0.053358710671164405
48,local,0,4,157,1.6014615297317505,16,-0.06397334486246109,-0.053358710671164405
48,track,1,0,154,0.6304209232330322,15,-0.0661575198173523,-0.0472640770954854
48,track,1,1,154,0.6400451064109802,14,-0.06750094145536423,-0.0472640770954854
48,track,1,2,154,0.6147061586380005,15,-0.06855246424674988,-0.0472640770954854
48,track,1,3,154,0.6361432075500488,13,-0.06852579116821289,-0.0472640770954854
48,track,1,4,154,0.6174771785736084,14,-0.06860174983739853,-0.0472640770954854
48,local,1,0,157,0.6345468163490295,13,-0.06787420809268951,-0.056637561461809795
48,local,1,1,157,0.6497297883033752,13,-0.0677795335650444,-0.056637561461809795
48,local,1,2,157,0.6297689080238342,13,-0.06618425995111465,-0.056637561461809795
48,local,1,3,157,0.6225144267082214,14,-0.06746932864189148,-0.056637561461809795
48,local,1,4,157,0.6270517110824585,14,-0.06625884026288986,-0.056637561461809795
48,track,2,0,154,0.611421525478363,15,-0.06604351848363876,-0.04783635766300007
48,track,2,1,154,0.6131161451339722,14,-0.06765884906053543,-0.04783635766300007
48,track,2,2,154,0.6009454131126404,15,-0.0674891397356987,-0.04783635766300007
48,track,2,3,154,0.6096058487892151,13,-0.06735888868570328,-0.04783635766300007
48,track,2,4,154,0.6071232557296753,14,-0.06883908808231354,-0.04783635766300007
48,local,2,0,157,0.6311705708503723,13,-0.06845951080322266,-0.05427441203407258
48,local,2,1,157,0.643094003200531,14,-0.06882832944393158,-0.05427441203407258
48,local,2,2,157,0.6372766494750977,14,-0.06599685549736023,-0.05427441203407258
48,local,2,3,157,0.6253793835639954,15,-0.06573119014501572,-0.05427441203407258
48,local,2,4,157,0.6215963959693909,15,-0.06719271838665009,-0.05427441203407258
48,track,3,0,154,0.6441079378128052,15,-0.06659293174743652,-0.04623527069927461
48,track,3,1,154,0.664121687412262,14,-0.06573083251714706,-0.04623527069927461
48,track,3,2,154,0.6342195272445679,15,-0.06749182194471359,-0.04623527069927461
48,track,3,3,154,0.6678169965744019,13,-0.0676867663860321,-0.04623527069927461
48,track,3,4,154,0.6337164640426636,13,-0.06870290637016296,-0.04623527069927461
48,local,3,0,157,0.6144086718559265,13,-0.06856658309698105,-0.055067089022966184
48,local,3,1,157,0.630431592464447,13,-0.06935624778270721,-0.055067089022966184
48,local,3,2,157,0.6166321039199829,13,-0.0668661966919899,-0.055067089022966184
48,local,3,3,157,0.611899197101593,14,-0.06612525135278702,-0.055067089022966184
48,local,3,4,157,0.604326069355011,14,-0.06687798351049423,-0.055067089022966184
48,track,4,0,154,0.6305804252624512,15,-0.06569612771272659,-0.047504948700126594
48,track,4,1,154,0.6474665403366089,14,-0.06646765768527985,-0.047504948700126594
48,track,4,2,154,0.6183327436447144,15,-0.06797369569540024,-0.047504948700126594
48,track,4,3,154,0.6524998545646667,13,-0.0670805498957634,-0.047504948700126594
48,track,4,4,154,0.6251915693283081,14,-0.06642947345972061,-0.047504948700126594
48,local,4,0,157,0.6156304478645325,13,-0.06798713654279709,-0.05656703201364794
48,local,4,1,157,0.6298956274986267,15,-0.06547396630048752,-0.05656703201364794
48,local,4,2,157,0.6104835271835327,13,-0.0655224397778511,-0.05656703201364794
48,local,4,3,157,0.6079612374305725,14,-0.0673912912607193,-0.05656703201364794
48,local,4,4,157,0.6023488640785217,14,-0.06520050764083862,-0.05656703201364794
48,track,5,0,154,0.6333931684494019,13,-0.06803527474403381,-0.05018600756200131
48,track,5,1,154,0.6389928460121155,14,-0.06684011220932007,-0.05018600756200131
48,track,5,2,154,0.626069188117981,14,-0.06773542612791061,-0.05018600756200131
48,track,5,3,154,0.6446113586425781,13,-0.0673803985118866,-0.05018600756200131
48,track,5,4,154,0.631406843662262,13,-0.06837005168199539,-0.05018600756200131
48,local,5,0,157,0.6122691631317139,13,-0.06498657912015915,-0.05330736012958781
48,local,5,1,157,0.6166128516197205,13,-0.06730617582798004,-0.05330736012958781
48,local,5,2,157,0.6150724291801453,14,-0.0653572678565979,-0.05330736012958781
48,local,5,3,157,0.6149956583976746,15,-0.06677228957414627,-0.05330736012958781
48,local,5,4,157,1.5963356494903564,18,-0.06728547811508179,-0.05330736012958781
64,track,0,0,202,0.652768611907959,13,-0.06694945693016052,-0.05077444367799839
64,track,0,1,202,0.6465177536010742,13,-0.06807876378297806,-0.05077444367799839
64,track,0,2,202,0.6567428112030029,14,-0.06767150014638901,-0.05077444367799839
64,track,0,3,202,0.6450107097625732,13,-0.06843338906764984,-0.05077444367799839
64,track,0,4,202,0.6546096205711365,14,-0.06784401834011078,-0.05077444367799839
64,local,0,0,205,0.6123265027999878,13,-0.06717190891504288,-0.046692266353088756
64,local,0,1,205,0.6006171703338623,13,-0.06634039431810379,-0.046692266353088756
64,local,0,2,205,0.6071417927742004,16,-0.06833894550800323,-0.046692266353088756
64,local,0,3,205,0.5902587175369263,13,-0.06543723493814468,-0.046692266353088756
64,local,0,4,205,0.6135062575340271,16,-0.06719435751438141,-0.046692266353088756
64,track,1,0,202,0.6319853663444519,15,-0.06854601949453354,-0.04848265165886106
64,track,1,1,202,0.6263118982315063,15,-0.06712096184492111,-0.04848265165886106
64,track,1,2,202,0.6357614994049072,14,-0.06861104816198349,-0.04848265165886106
64,track,1,3,202,0.6424670219421387,14,-0.06843279302120209,-0.04848265165886106
64,track,1,4,202,0.6431564092636108,14,-0.06792005151510239,-0.04848265165886106
64,local,1,0,205,0.6322047710418701,13,-0.06621721386909485,-0.043217193092400345
64,local,1,1,205,0.6182214021682739,13,-0.06781195849180222,-0.043217193092400345
64,local,1,2,205,0.6236989498138428,13,-0.0652022585272789,-0.043217193092400345
64,local,1,3,205,0.6178104281425476,13,-0.06399478763341904,-0.043217193092400345
64,local,1,4,205,0.6440655589103699,15,-0.06766970455646515,-0.043217193092400345
64,track,2,0,202,0.606284499168396,15,-0.06771671026945114,-0.0487706640556168
64,track,2,1,202,0.594147264957428,15,-0.06744100898504257,-0.0487706640556168
64,track,2,2,202,0.6085096001625061,14,-0.06733107566833496,-0.0487706640556168
64,track,2,3,202,0.6070261001586914,14,-0.0669088140130043,-0.0487706640556168
64,track,2,4,202,0.6115235686302185,15,-0.06927426159381866,-0.0487706640556168
64,local,2,0,205,0.6430560946464539,14,-0.06763426214456558,-0.047571973143070385
64,local,2,1,205,0.6287375688552856,13,-0.06628160923719406,-0.047571973143070385
64,local,2,2,205,0.63371342420578,15,-0.06520000845193863,-0.047571973143070385
64,local,2,3,205,0.6145641207695007,14,-0.06801795959472656,-0.047571973143070385
64,local,2,4,205,0.6507459282875061,16,-0.06735268235206604,-0.047571973143070385
64,track,3,0,202,0.6384074687957764,15,-0.06754413992166519,-0.04923577905827008
64,track,3,1,202,0.6307020783424377,15,-0.06660689413547516,-0.04923577905827008
64,track,3,2,202,0.6366968750953674,14,-0.06928538531064987,-0.04923577905827008
64,track,3,3,202,0.6480109691619873,14,-0.06712263822555542,-0.04923577905827008
64,track,3,4,202,0.6438330411911011,14,-0.06902091205120087,-0.04923577905827008
64,local,3,0,205,0.6250991821289062,13,-0.06742686033248901,-0.0459596901429278
64,local,3,1,205,0.6121283769607544,13,-0.06851285696029663,-0.0459596901429278
64,local,3,2,205,0.6181883215904236,14,-0.06711869686841965,-0.0459596901429278
64,local,3,3,205,0.603421688079834,13,-0.0670495554804802,-0.0459596901429278
64,local,3,4,205,0.6312196850776672,15,-0.06838535517454147,-0.0459596901429278
64,track,4,0,202,0.6427756547927856,14,-0.06624860316514969,-0.04963918938523246
64,track,4,1,202,0.6304643750190735,15,-0.06485871225595474,-0.04963918938523246
64,track,4,2,202,0.6430943012237549,14,-0.06681966036558151,-0.04963918938523246
64,track,4,3,202,0.6409338712692261,14,-0.06635367125272751,-0.04963918938523246
64,track,4,4,202,0.6479721069335938,15,-0.06687965989112854,-0.04963918938523246
64,local,4,0,205,0.6332520246505737,14,-0.06882396340370178,-0.047648554767444444
64,local,4,1,205,0.6151369214057922,13,-0.06794986873865128,-0.047648554767444444
64,local,4,2,205,0.6155907511711121,14,-0.06661364436149597,-0.047648554767444444
64,local,4,3,205,0.6193827390670776,13,-0.0672246515750885,-0.047648554767444444
64,local,4,4,205,0.6379196047782898,14,-0.06813336908817291,-0.047648554767444444
64,track,5,0,202,0.6365074515342712,14,-0.06808366626501083,-0.05148041398646549
64,track,5,1,202,0.6379889845848083,14,-0.06895101815462112,-0.05148041398646549
64,track,5,2,202,0.6407201290130615,14,-0.06902261078357697,-0.05148041398646549
64,track,5,3,202,0.6354393362998962,13,-0.06857064366340637,-0.05148041398646549
64,track,5,4,202,0.6387521624565125,14,-0.06835979223251343,-0.05148041398646549
64,local,5,0,205,0.6080309152603149,14,-0.06696160137653351,-0.049107703213467385
64,local,5,1,205,0.6002779006958008,13,-0.0674709901213646,-0.049107703213467385
64,local,5,2,205,0.6189223527908325,14,-0.06432551890611649,-0.049107703213467385
64,local,5,3,205,0.6024075150489807,14,-0.06713152676820755,-0.049107703213467385
64,local,5,4,205,0.6187230944633484,15,-0.06586509197950363,-0.049107703213467385
