acceleration,orthogonality,step_norms,exit_step_by_acceleration,exit_step_by_norm,max_acceleration,max_step_norm,mean_acceleration,mean_orthogonality,num_steps,depth,sample_id
"[15.919844964479587, 14.415192016815594, 12.836258656798359, 11.183480486536087, 10.329727838096382, 9.386448412352445, 8.191571492937463, 7.236370866610714, 6.576683444556608, 6.011735038331145, 5.320611287208868, 4.645639269936382, 4.217090027904745, 3.812842602908307, 3.4215016491133197, 2.9940729640114156, 2.709938888427802, 2.4294648260071674, 2.1639185598097215, 1.941106719523718, 1.7389458633307429, 1.5370649490923691, 1.3653873453227154, 1.239266251068097, 1.1147838936449872, 0.9877632621756696, 0.8860170116935244, 0.7968200322701153, 0.7092398475434735, 0.6348722459508148]","[-0.49534340197862353, -0.5000011723174816, -0.5054046097739938, -0.462234071048956, -0.5132683321560839, -0.5156395300889, -0.4955107512386279, -0.4870169937426814, -0.4991783401264001, -0.5119903294512916, -0.5004156460862743, -0.48032483291103756, -0.5061493317104451, -0.49074577594552565, -0.5082329773132538, -0.4885791794981222, -0.501207993306006, -0.4903250466378052, -0.49580291346322697, -0.49527418127834655, -0.5091673497506202, -0.4948847055488216, -0.46921320300434144, -0.48983221944605565, -0.4941007963069783, -0.4874752511318663, -0.4955373358144682, -0.5082450650263244, -0.4993034052249005, -0.49180945449676616]","[9.626978693277502, 8.777662619614864, 7.859110490351203, 6.9266365072529235, 6.144020346350714, 5.7289826133316435, 5.046586266717209, 4.419405581776486, 3.968656588184217, 3.6249256430482233, 3.2865760976719214, 2.8511449529892494, 2.5456743939869746, 2.312008607256128, 2.102631302607301, 1.8344025199113165, 1.6341060029413932, 1.4927410690341425, 1.3198373755694905, 1.1810458011618403, 1.0628396405318663, 0.9377425246951219, 0.839218586282785, 0.7529845091253987, 0.6822753475316098, 0.6067561149912071, 0.5378929603311152, 0.48627803990468, 0.4307440334174288, 0.38803390544014477, 0.3466664964974293]",21.0,21.0,15.919844964479587,9.626978693277502,4.8917886904819445,-0.4960738065274742,32,2,0
"[16.047005903896117, 14.745002950884125, 13.655547835978135, 12.503336747249689, 11.559231462246055, 10.397180295852133, 9.3564304995818, 8.611110722750464, 7.817683487525651, 7.21771894273612, 6.5768096483228975, 5.9358863918629385, 5.3529462222433635, 4.968977639814227, 4.587108887392698, 4.163848264044688, 3.764727467238914, 3.431863563592006, 3.1472200980056826, 2.916114144900229, 2.6274104263250813, 2.414341187612677, 2.206312988766252, 2.0108079235875835, 1.8781148330902666, 1.6949197875437512, 1.5235957917408158, 1.4027177680854168, 1.2914208333611672, 1.170390692116819]","[-0.4750011483168227, -0.4792536878488721, -0.5006964122031129, -0.4979794645550606, -0.5072682517366714, -0.4928917535445915, -0.480543131222262, -0.5009067890392422, -0.49844153173932665, -0.5115698859509873, -0.49678564006104037, -0.4995860103019386, -0.4739445080898313, -0.4906281056873528, -0.49584132950314463, -0.49581649464229216, -0.5016078478784227, -0.49647177960616995, -0.48539584477546677, -0.5133641198590319, -0.4849587623380159, -0.5047868717568192, -0.503120797779777, -0.4847303817463906, -0.5245156132725151, -0.49348924426432655, -0.48700770877637695, -0.5056636208310462, -0.5059926189780147, -0.49579621944055247]","[9.789386213182837, 8.888735348551442, 8.252144874652169, 7.506394562964807, 6.937190558453194, 6.374147601655399, 5.652681552254053, 5.218917113493746, 4.717120376438345, 4.311608479391727, 3.988708675178726, 3.610523857446772, 3.2412740074722683, 2.992396048808271, 2.761713967456051, 2.5408305472579724, 2.2713433725250862, 2.071942536570601, 1.8941604285762785, 1.7568632773531123, 1.594205574485818, 1.453872848582068, 1.328602640655224, 1.2155519147965799, 1.117523553520494, 1.0331123585147817, 0.927305648438298, 0.838897014095024, 0.7773885487595905, 0.7103505759627187, 0.6424231636412079]",26.0,26.0,16.047005903896117,9.789386213182837,5.832526113611592,-0.49613518585818245,32,3,1
"[16.447540516229875, 15.445754750740715, 14.317022269299722, 12.877117062105498, 11.987126890814048, 11.39311449102264, 10.519231997907822, 9.739647823764152, 8.9476344041562, 8.294279507018992, 7.71602163184796, 7.126761643688205, 6.641925380753639, 6.10819930077618, 5.66699946621007, 5.303036155899279, 4.838178865899153, 4.4077939954323275, 4.114342656088812, 3.7988280271740122, 3.502338184384117, 3.2492999748964504, 3.006796467735935, 2.8039513240343386, 2.6251680464422553, 2.4385637602138455, 2.2564055766768996, 2.1065613454836165, 1.9198944238449418, 1.7729598488144551]","[-0.48832730266160734, -0.5078941930397449, -0.5171471610436191, -0.47993129741382334, -0.4903525663429702, -0.5155233001054118, -0.5002614497699683, -0.5170615431146983, -0.4970457827122164, -0.49593161895193283, -0.5033567068564331, -0.490921014404806, -0.5141721698882032, -0.4980311771661484, -0.4944858984024656, -0.5103437041160432, -0.4927570933959315, -0.478401687918569, -0.5012031367758862, -0.48954800703558904, -0.4823991806756691, -0.49275513273236504, -0.4942043103981653, -0.5021409179071797, -0.5074408671218518, -0.5102352215593633, -0.4967539676740266, -0.5107513026971018, -0.49684399944060764, -0.49564221629981864]","[9.866569871776555, 9.195685763482123, 8.5894164083687, 7.843378994759619, 7.120172680796344, 6.764539470219483, 6.321145678628695, 5.820927021912167, 5.3589923526717955, 4.9807105876085505, 4.607262753947148, 4.2906181226976265, 3.9614339050825826, 3.670242565100075, 3.385608315199722, 3.16892845979993, 2.931994478586357, 2.6660439153270064, 2.459209299213878, 2.2887030741332057, 2.111952384933944, 1.955080846544107, 1.8049632290602982, 1.6728640883404284, 1.561921432928253, 1.461324097537259, 1.3441352251202325, 1.2637446727141108, 1.1593032762118871, 1.0591763216688554, 0.9906555123510139]",,,16.447540516229875,9.866569871776555,6.7124165263118725,-0.4990621309207406,32,4,2
"[16.936081610528813, 15.59244486013413, 14.398666477586797, 13.566223562396688, 12.886989792903806, 12.00723625422778, 11.116830050842843, 10.514404921267785, 9.856067578538491, 9.230690928793484, 8.69602002668456, 8.141469070664886, 7.483664124598131, 6.92702611452327, 6.441520384719591, 6.118615928781695, 5.721213024775714, 5.337821176986725, 4.993600121890225, 4.672820985063664, 4.359554852002057, 4.10185229570608, 3.8981065907594927, 3.642019878676544, 3.389222592715829, 3.181446164196092, 2.9764337991642575, 2.7985703454328696, 2.5859317226515555, 2.3895008834611677]","[-0.513451652118726, -0.5035057631907058, -0.5041498291838907, -0.4921901179656589, -0.5149883320438191, -0.500202892898675, -0.4756239967336968, -0.4953152981673265, -0.4960956962616374, -0.5067929223366471, -0.5064223301836029, -0.5133137148438407, -0.49962287825231916, -0.4907963828682583, -0.47295007270261996, -0.4956345546377402, -0.5032359413784674, -0.49426549192639074, -0.48567810692150487, -0.5043492487425817, -0.5005358535760401, -0.5040113218680967, -0.5044110440119636, -0.4973422691197724, -0.49662479224343514, -0.49737588645642156, -0.49711290997462626, -0.5029959781722145, -0.5023968604774849, -0.5064595525249709]","[10.020761847192734, 9.445506461001369, 8.530404725642358, 8.070694121871421, 7.633097141724718, 7.171419850167579, 6.689615290221227, 6.249930454598941, 5.908443608264806, 5.484547521141561, 5.148343732129608, 4.870263478131075, 4.486722709694962, 4.15361249122866, 3.8679433476522576, 3.6367970483210117, 3.437731019828226, 3.1595038936822575, 3.0153270380146013, 2.776811783123961, 2.6102432737821557, 2.421662050053033, 2.307978040629971, 2.1860189256631797, 2.0220821453036883, 1.8951740876399201, 1.781066673561281, 1.6584006782024634, 1.5694826996672497, 1.4127474172801011, 1.3401753145387538]",,,16.936081610528813,10.020761847192734,7.465401537355835,-0.49926172305943783,32,5,3
"[15.987886942408037, 14.463396152772194, 12.915911318933915, 11.215172721785354, 10.139849235890571, 9.308683902205063, 8.168101084581771, 7.3143333037822496, 6.556542417432807, 5.939823371052403, 5.274302631133206, 4.681684964045038, 4.154312922015229, 3.8004412456223498, 3.403588982256466, 3.002166471398798, 2.683519074159462, 2.425347696661222, 2.1429826373793426, 1.9176242110849078, 1.7407944044853974, 1.5580304898546264, 1.3765770656848568, 1.2312034770086733, 1.0960539630501331, 1.0042035565288976, 0.9041259213953032, 0.8038416575149139, 0.7029073392996192, 0.623488433034465]","[-0.5026040514162963, -0.5062417568462049, -0.5116635845726316, -0.4808734985378092, -0.4889698730292053, -0.5118516985709941, -0.4837073356820613, -0.5035380834617277, -0.4905989413657941, -0.505534148266219, -0.4821848910922977, -0.49426237541631185, -0.4763924899673139, -0.5098353138831865, -0.5073502954695293, -0.49948407960552016, -0.4866733811155333, -0.495700304742189, -0.4881189428697051, -0.49471638740319634, -0.5021119085931324, -0.5039011262433368, -0.4852065597203617, -0.4978847675740194, -0.4838963311686133, -0.5066633027522577, -0.5057161856075882, -0.5123991397628058, -0.49719638472611005, -0.4761762922283801]","[9.690162942561559, 8.747072287515273, 7.912325366838235, 6.93361888945076, 6.090342227706925, 5.6587139294712, 5.042079726652868, 4.434499510045647, 3.997686913864476, 3.593313038705045, 3.249958273451305, 2.8727144471286916, 2.540141731980768, 2.292801292421613, 2.0795659013454415, 1.838544055834067, 1.6264903192077267, 1.4849159509807823, 1.3179812268054931, 1.1647545733106777, 1.0524764740722792, 0.9554289938571345, 0.8400727638412893, 0.7566021256337365, 0.6650855918845041, 0.6069148447376472, 0.5496077981482261, 0.49187824127243873, 0.43187747006239247, 0.3799725597238429, 0.3454649403586037]",21.0,21.0,15.987886942408037,9.690162942561559,4.884563253148575,-0.49638178105634445,32,2,4
"[16.30223130729899, 15.054221317100893, 13.596105529783157, 12.40468004804144, 11.305537880010975, 10.345434466133991, 9.493013963548334, 8.53953570797991, 7.962247088760105, 7.233360367742147, 6.507212540107385, 6.0053403661304925, 5.529900001091507, 4.988724682085983, 4.582097333666498, 4.207050450015453, 3.7977642511322935, 3.425484309065559, 3.164246309488048, 2.8966585077869555, 2.6072714627170357, 2.424793606198543, 2.2217576551015448, 1.9904231647091815, 1.8295098306804598, 1.6870656464581832, 1.5249542621976586, 1.4014463325781807, 1.276914451567426, 1.1657755541673203]","[-0.49532975162392406, -0.5124232894457939, -0.49937721947881836, -0.4996354760195669, -0.5063360903843969, -0.502079072797661, -0.5019631805401588, -0.4779979677494865, -0.5109637435118748, -0.5027190090640005, -0.4818710586971311, -0.4875317374947691, -0.49636380025794585, -0.4787774847723851, -0.4963543687911679, -0.5079307127760606, -0.504507368413049, -0.48913180873112244, -0.5039841843665503, -0.511574731238144, -0.478956461831392, -0.5022169551691882, -0.5048524145717476, -0.48438970925015346, -0.5024453814254851, -0.5100697129015911, -0.48470596200746663, -0.5163130104045114, -0.5099049018806181, -0.49381611278087145]","[9.783752951458382, 9.065193523622584, 8.240041965443998, 7.456113627783487, 6.865251585678448, 6.155435453953913, 5.780218220477843, 5.1685397181287005, 4.762255159960197, 4.395968198878332, 3.944800127519506, 3.6123473259230696, 3.3493114687105883, 3.0413232373185646, 2.7579075776904296, 2.5379467647730687, 2.305322541095934, 2.071324350927861, 1.8971813782510856, 1.7507638174739892, 1.579760360755602, 1.4512404600429618, 1.3459466058925436, 1.2142646082468131, 1.0950631506255641, 1.0152532329176083, 0.925625018760467, 0.8436272860993166, 0.7652868852780059, 0.7039066712873012, 0.6445558409594916]",26.0,26.0,16.30223130729899,9.783752951458382,5.849025279778188,-0.49848408927923443,32,3,5
"[16.494847633359477, 15.520043915673233, 14.301778554683953, 13.219393501811556, 12.381308309271551, 11.322975315943705, 10.359836263272692, 9.740413522823694, 9.021731784629223, 8.262117229263083, 7.649762243775015, 7.073915214367125, 6.5221913536778455, 6.188118723938402, 5.725929818090173, 5.267551118220428, 4.894004759249713, 4.484286606604097, 4.217988421516048, 3.9005438246544566, 3.5676245881005757, 3.32379109992408, 3.0598837645682084, 2.8296442510247743, 2.6018743329517866, 2.36487191555561, 2.221233140622187, 2.0696576854346036, 1.9152252634929001, 1.7790367316670754]","[-0.5029113269160063, -0.5218106796676265, -0.4997795332854756, -0.48282838877284845, -0.4913195235771929, -0.48801338131558003, -0.4767205331988473, -0.503161212682222, -0.5026202616262552, -0.4957472013015867, -0.5019498027624163, -0.49834218517801493, -0.4887514319276071, -0.5162573126663519, -0.49440707330008116, -0.4987759624272696, -0.5138005852128841, -0.48537464048139173, -0.5096379833543395, -0.5081509883715425, -0.4817986281604499, -0.5004015713689408, -0.49876686404134013, -0.4987098966099625, -0.5032642383376877, -0.47178242970811696, -0.4952208061878568, -0.501102707511053, -0.49745703139033437, -0.5114075595361576]","[9.854688210220477, 9.169382305079798, 8.620070135162832, 7.890032637973078, 7.460440820597921, 6.873715113170288, 6.248359925629584, 5.805183537180005, 5.428153098325215, 4.976920432162371, 4.574039706817133, 4.251454736959273, 3.9190530140710638, 3.6387380439788015, 3.467618853652832, 3.1539634506000738, 2.9295802009114627, 2.6941287068468367, 2.5081574439612537, 2.3459029801913647, 2.144395151287351, 1.999480377750258, 1.8368415946760026, 1.6969349606917499, 1.5710519250714352, 1.4289583366760998, 1.3271385184918385, 1.2413325389201333, 1.1470053566047897, 1.0658843363398305, 0.9800208876703955]",,30.0,16.494847633359477,9.854688210220477,6.74271936293891,-0.498009058029248,32,4,6
"[16.709604466969697, 15.832658792017611, 14.700050324055473, 13.590593701481753, 12.816332188371636, 11.973353759033323, 11.180382229196514, 10.40053757059926, 9.7081246583868, 9.158812007901084, 8.549440954314035, 8.068217465697535, 7.48169468122371, 7.021856693638718, 6.533683785789566, 6.121828544734378, 5.777053743598927, 5.438318096999446, 5.092284923222687, 4.760053911671457, 4.431836943137731, 4.124996029770187, 3.810082107978186, 3.568423374894962, 3.3384161443523865, 3.1407406049592064, 2.9588182121910567, 2.7572693494770633, 2.5925977196232153, 2.400430047125923]","[-0.49206177450250893, -0.510946435948008, -0.5071192582407045, -0.501007718547601, -0.5049133152848355, -0.4989832389429838, -0.49826619417431683, -0.4829841507498221, -0.4939177929492759, -0.5097129917176755, -0.48716840438540254, -0.5083881756459128, -0.48229001361238527, -0.508544637189597, -0.50377532330478, -0.4918220948143041, -0.5008076806666169, -0.5069721829941697, -0.5152612679204331, -0.516974743713885, -0.499204609367205, -0.4969692478214836, -0.48165235794972805, -0.5008553398969432, -0.4957915423006998, -0.48207915495333065, -0.4983424383822355, -0.49196561887923507, -0.5047895420128287, -0.49122340648159774]","[9.962348096053649, 9.38052094555275, 8.832445092265145, 8.096339610402712, 7.588727141580273, 7.18429942647065, 6.642478975454872, 6.27321442617911, 5.801786374297557, 5.428889897654615, 5.111165058874924, 4.801711072604161, 4.486986007820713, 4.201953816805294, 3.881118280525183, 3.6527110978526687, 3.4343707069154794, 3.2335958133904414, 3.030411440332009, 2.8187415275062775, 2.6459871857742177, 2.471824837906129, 2.2950279763372987, 2.1305631333048693, 1.9879012983950133, 1.8718001474168442, 1.776237417947956, 1.6413091807829239, 1.5506337748787904, 1.4375683263530141, 1.3417912480329832]",,,16.709604466969697,9.962348096053649,7.467949767747118,-0.4988263551116835,32,5,7
"[15.823095264593574, 14.285536331121012, 12.712112045227624, 11.396335024140857, 10.157828304415185, 9.08525770209372, 8.18193646293902, 7.378711099706347, 6.671115153818733, 5.916571226401189, 5.243310510604377, 4.673913273860643, 4.2199658032239125, 3.777459522961456, 3.352276369980552, 3.0022209124791854, 2.702841262256437, 2.4021949180248017, 2.1676804648352888, 1.9382001442319683, 1.7250770135695852, 1.5420188155581653, 1.3944134250698645, 1.2403145460792262, 1.1170366117754282, 1.0082073979604937, 0.9063194322248544, 0.7961019535077496, 0.7056452998489299, 0.6387464680227524]","[-0.48773081439784305, -0.5023899641717907, -0.48592989411753196, -0.5001750392479989, -0.4961334498686667, -0.48840512206577946, -0.49509638925522204, -0.4944469533899073, -0.5018202211796117, -0.48298765623103274, -0.4837220117250388, -0.4876705135692684, -0.49327578753411694, -0.498985408104928, -0.49192917518076484, -0.4974691570693989, -0.5038216455411325, -0.48690200127534256, -0.4988697741193065, -0.49232566287619617, -0.492324615342387, -0.4864127574178041, -0.5046921806602845, -0.4892516875113871, -0.5105509534786179, -0.5026416016447032, -0.5108274559478359, -0.49660876609907983, -0.48285460173467143, -0.5020167806535366]","[9.65631747631792, 8.680872639010174, 7.793606634891839, 6.945978283645313, 6.2056678574370645, 5.532224083949973, 4.994592885610274, 4.463540696429712, 4.069397084458838, 3.6248141095891344, 3.242417842571345, 2.8405393424945458, 2.57653408224395, 2.304652724054026, 2.0562946357083054, 1.822640855918058, 1.6454345112244697, 1.469939085982706, 1.314571703020141, 1.1883294056534675, 1.0540921337786782, 0.9418987977092944, 0.8459003872832376, 0.7609785940377507, 0.675500290999831, 0.6092770268568865, 0.5534330576002012, 0.4886867073430458, 0.4310053451097638, 0.38810908027614754, 0.3486054162943354]",21.0,21.0,15.823095264593574,9.65631747631792,4.872081425351098,-0.4949422680470394,32,2,8
"[16.219623095441467, 14.892341310764184, 13.667058121047647, 12.314527081619802, 11.235958176796576, 10.33391682831791, 9.485458562829438, 8.693638035875914, 7.956196277533226, 7.214436706151385, 6.569592230136975, 5.984981407210182, 5.463575932312986, 4.98463485529558, 4.502686473189192, 4.119675867995424, 3.7944062821787905, 3.4875900958055115, 3.1606726306789916, 2.8630726382793665, 2.6085431140338193, 2.43568197049818, 2.228670218064903, 1.9933150782786113, 1.8221215027379865, 1.6620588050483085, 1.516584522444322, 1.3968098187304985, 1.2832450163820248, 1.1608065104966683]","[-0.49469941177917837, -0.49441871925698744, -0.5045987938026343, -0.48737827663353045, -0.49974345591909414, -0.49744169137201194, -0.5019635018367379, -0.5075382006540256, -0.5034607201137742, -0.49081831473972776, -0.4968475561008269, -0.49659093101693375, -0.4943123582501492, -0.5042048706100204, -0.489900347635284, -0.49974929642217253, -0.5033523790073355, -0.5069049926590189, -0.49417787106148375, -0.49529334604194475, -0.48014875008772345, -0.4986415795083244, -0.5108948526723602, -0.48682022533642016, -0.49200730500790024, -0.49568028520637986, -0.4982308310490482, -0.5022700244843071, -0.5074200229048701, -0.49841269336733124]","[9.775645242775397, 8.98064657402103, 8.242275962568538, 7.50933352342723, 6.763753114400992, 6.2075463495965595, 5.7320444091457565, 5.20952169263199, 4.801177083469035, 4.371951497503718, 3.9810527879204063, 3.6097916500939915, 3.306702788498387, 3.01175693761444, 2.733736420826617, 2.481014313510955, 2.2748854519245945, 2.100481525256985, 1.9160175858178137, 1.7392700394661424, 1.570467821396132, 1.4610562171874724, 1.3519942544758075, 1.2109003279098929, 1.1000431195657123, 1.008919454344271, 0.9122095661682306, 0.8395200151443154, 0.7716849261429178, 0.7059497013800464, 0.6345068065194231]",26.0,26.0,16.219623095441467,9.775645242775397,5.835062638872529,-0.4977973868179179,32,3,9
"[16.603395722818266, 15.308759505742618, 14.212671142615756, 13.03408744408582, 11.928506012574454, 11.263025226997495, 10.529261116961107, 9.792031506398962, 8.96771431689735, 8.287748880887044, 7.7246723161806905, 7.022201301088795, 6.532693915105041, 6.084207825352877, 5.596719657329344, 5.28432955079949, 4.870406548611551, 4.485932416418344, 4.187818190194174, 3.8432624982481713, 3.576038023673197, 3.3075518834153868, 3.0862544732278754, 2.8361393474784053, 2.60893602709299, 2.427549703114248, 2.213131803804372, 2.05730971846643, 1.908807993778429, 1.7506722198202043]","[-0.4995252630455553, -0.4918096027256529, -0.5030147092730896, -0.489304358077432, -0.4790767117102293, -0.5015175311165371, -0.5004341441926041, -0.5176680588091174, -0.4984545423479428, -0.4980081948301572, -0.5042807664078052, -0.4815452371222867, -0.49808515681976157, -0.5089042998426814, -0.4882337179039978, -0.5078228406831214, -0.4973896979568018, -0.48343746925552683, -0.5087188808650082, -0.4916512458816642, -0.506723984479457, -0.5020538760779987, -0.510485596794443, -0.5018402053725928, -0.49522171309189555, -0.512540601315375, -0.49122772968997813, -0.5010179282151845, -0.5054857161077443, -0.48044135713598385]","[9.940014496266272, 9.230589559865145, 8.489625998837381, 7.901801150002727, 7.196973279105057, 6.6704405325988745, 6.326899854218629, 5.826048808465547, 5.412388460220323, 4.944436794712407, 4.630062017177321, 4.274582818349975, 3.8809791440395696, 3.666120790613522, 3.3360255581065275, 3.1511000941577922, 2.9336001181485725, 2.6934407028294003, 2.514230719566186, 2.305987741937394, 2.1432168301440035, 1.9756970817226953, 1.8401244774254664, 1.710416577261719, 1.5613417410026316, 1.4553796661037102, 1.3352353770042833, 1.226994655977424, 1.1473321200181539, 1.0520726493861752, 0.9823194602787183]",,30.0,16.603395722818266,9.940014496266272,6.711061209639297,-0.4985307045715875,32,4,10
"[16.761626021752647, 15.678825883522382, 14.656774787594925, 13.598536851435469, 12.674807549403676, 11.821464602343251, 11.088548144453087, 10.49830235729169, 9.73918723371824, 9.043572032017583, 8.509868879962148, 7.961112293559725, 7.46834231521204, 6.909114144995026, 6.483188703425762, 6.1490327822449835, 5.68628812268235, 5.357024932793464, 5.043379017083991, 4.736112117843071, 4.443654738544793, 4.10139658028482, 3.83289492760887, 3.5840427123528977, 3.3329333954349103, 3.1568853636743435, 2.9322568664859436, 2.7343245070783286, 2.575649312481582, 2.440092192190352]","[-0.5033017988289922, -0.49571228948953583, -0.5063074063021965, -0.501742348556986, -0.4972225827178281, -0.4872297204335792, -0.4854427530626003, -0.5103644575492966, -0.49231989031874424, -0.4824927173981409, -0.4956860289658133, -0.4896003125203277, -0.5009576196184433, -0.48777224125472957, -0.47705080604188266, -0.5057225127716515, -0.4926610328433545, -0.49748748286289424, -0.5067117170623708, -0.4980081228684982, -0.5063140979413671, -0.4884594598789937, -0.49629046807432753, -0.5002216860693871, -0.48301930854137004, -0.5123378979246137, -0.5003332172989977, -0.4917702920762605, -0.5018381022174523, -0.5059026513483482]","[9.963294728278022, 9.367059304210082, 8.759791152077371, 8.12501354101482, 7.56479459701551, 7.081705982603303, 6.624394903915707, 6.240156049272126, 5.838408670309582, 5.433867628503603, 5.06800475315827, 4.770994741172607, 4.4518478162648485, 4.167540823610121, 3.8408407093581127, 3.7027861127874093, 3.3816106588836226, 3.199615689434963, 2.990141691211507, 2.8196465865878153, 2.65191786604201, 2.4673164788028963, 2.285700047786533, 2.144875217414904, 1.9923788918256362, 1.8775374668412064, 1.7521213946851482, 1.632679396204294, 1.532806965159644, 1.4389849035316733, 1.3728079467869696]",,,16.761626021752647,9.963294728278022,7.433307978982412,-0.4966760340946328,32,5,11
"[16.060234487415524, 14.567085142790903, 12.964470588652093, 11.58833131608917, 10.2003382130949, 9.165174914440058, 8.170760990747752, 7.285843897180828, 6.585772463624972, 5.980726471014884, 5.257985969883374, 4.620336443169549, 4.191964942289753, 3.800834467880913, 3.4129358767598603, 3.035517085498871, 2.6862558945527124, 2.422333256201671, 2.1965972000859595, 1.9421196978274975, 1.7323323970104063, 1.5798362198182798, 1.397901111783365, 1.2498871372524487, 1.1155834993527818, 0.9907756948412613, 0.881664879513062, 0.7922054430682739, 0.7115943925680481, 0.6296848304064137]","[-0.5007391781924523, -0.5069170094175006, -0.4971164144346568, -0.5096570890880531, -0.48519627812859006, -0.4988450064603316, -0.49367379938768724, -0.49192458232389746, -0.5010713348057754, -0.5206850491812948, -0.4987285515884399, -0.4813892011978142, -0.49663219528061364, -0.5050824333067299, -0.5043908811850258, -0.4961182414110556, -0.49352038415456023, -0.500120200182251, -0.5163802656070576, -0.5052209967036814, -0.48713247724937897, -0.5119443945800138, -0.495622817072506, -0.499414631743246, -0.5028594159046141, -0.49687026820189806, -0.48875915831468425, -0.4854926965027482, -0.48565409001067733, -0.48612147980293746]","[9.656683797705842, 8.878070170156194, 7.894467193389492, 7.082635029697903, 6.247046344671611, 5.5833940795670305, 4.998308104376999, 4.451062498350211, 3.980166210594767, 3.6188601418469197, 3.236599833866192, 2.832885116531985, 2.5326887909918416, 2.31152066519955, 2.067656262063024, 1.8658013088162406, 1.64143996749845, 1.465411859578445, 1.3304605112545351, 1.190984820715255, 1.0461485726880346, 0.9622070337326655, 0.853765792264238, 0.7618705912583131, 0.680898064337731, 0.6053061616975239, 0.5392989134612141, 0.4820452655406128, 0.4367846855056945, 0.38835959433505424, 0.34160750730064254]",21.0,21.0,16.060234487415524,9.656683797705842,4.90723616416052,-0.49810935071400575,32,2,12
"[16.259960952138382, 15.057704205941697, 13.749844499985416, 12.535538389766304, 11.478032369220873, 10.339025015058935, 9.37563985855411, 8.637699101885289, 7.9141490167595325, 7.111278901604355, 6.475827963367725, 6.007582796570005, 5.4705650110604145, 5.0634363471727, 4.61116117093843, 4.209028695589442, 3.7531579579113723, 3.472520808714461, 3.169392432301311, 2.8973523244001926, 2.6423660285628237, 2.441765642581579, 2.2342608037555047, 2.0166347609670576, 1.8440264649024853, 1.667894587892914, 1.5216516676658212, 1.3931945800713033, 1.288430427849094, 1.1571370890350554]","[-0.5042599229919542, -0.5120540327123959, -0.4939750352315279, -0.49796576226502015, -0.5099897519360871, -0.48924287768496383, -0.49062962645435854, -0.4954700849303255, -0.5031110841893355, -0.49313170808300455, -0.48002084623568664, -0.49566175011323854, -0.4864453995075452, -0.5139861751188431, -0.49728052029127273, -0.5236749070880587, -0.4805000661777768, -0.5059565855115157, -0.49863011885768477, -0.5000857573298049, -0.49577759428431917, -0.5125087210493517, -0.5129120296191939, -0.4839171994689569, -0.493824232046703, -0.4869673127239577, -0.4885060328763652, -0.4877505759599192, -0.5156646104613553, -0.4937407189503604]","[9.744069394966317, 8.999843874337836, 8.313461753487973, 7.589899258998659, 6.889034802956758, 6.31671699426002, 5.658599785542588, 5.198093717114831, 4.788117884608044, 4.337210163401176, 3.888905842889953, 3.6375639433835354, 3.3067925544473353, 3.036823152266666, 2.781056284576565, 2.5465546762492157, 2.273285335358838, 2.087547528810268, 1.912987146019952, 1.7471272297834317, 1.5972321477395577, 1.4571298267634418, 1.3500368208516362, 1.2177354929703625, 1.1227888871541067, 1.009894142361096, 0.923784799426055, 0.8393432607543045, 0.775554705146874, 0.7039347296276693, 0.6343964757029982]",26.0,26.0,16.259960952138382,9.744069394966317,5.859875329074153,-0.49812136800502943,32,3,13
"[16.591755512214757, 15.32229422226695, 14.145807549826083, 13.025684748734083, 12.176533695154118, 11.202183652805207, 10.30230919972892, 9.673947174199963, 8.852734326026988, 8.236768501310449, 7.711869047575238, 7.083912697020027, 6.586245715895093, 6.118534842916356, 5.571981250440887, 5.134329285570033, 4.818081426949973, 4.524591617697583, 4.197532216865498, 3.8614265663565024, 3.555311765231044, 3.3277515602718504, 3.0277895614918005, 2.7964158500442102, 2.605294344092544, 2.391427079801802, 2.209031716046612, 2.0725059265298356, 1.9147543301025651, 1.7626402329891115]","[-0.4968849696710805, -0.49707492210158466, -0.4963577262238737, -0.48926907545245796, -0.5016276980198308, -0.49452970970090665, -0.48224187236676863, -0.5072323580384003, -0.4907343116777465, -0.5010553327821478, -0.5075130620463256, -0.48613198156328574, -0.49266051020278595, -0.5018980197551092, -0.49683248470844726, -0.4848022313030642, -0.5004025473980886, -0.5196083209610751, -0.5127101660471209, -0.5043475643675716, -0.4961393597764414, -0.5160680493813198, -0.49356611956531765, -0.5026460176821226, -0.49498868572702, -0.49392753219231117, -0.4880145798841921, -0.5043283886463491, -0.5062327127631685, -0.4957529075288045]","[9.979311811511211, 9.19371258374216, 8.511814193149068, 7.837545693329516, 7.25343412269305, 6.796730212181101, 6.156742368256487, 5.808619641151628, 5.33172294918396, 4.9194211268927726, 4.586295859145972, 4.294823486859136, 3.9200963786981258, 3.702665688533923, 3.3551065474593593, 3.0837453081745116, 2.873848717532812, 2.6878101728583967, 2.5018682446875182, 2.323557979836688, 2.127361236882652, 1.9823914493323394, 1.8388881508590853, 1.663332686815776, 1.5623225192022911, 1.4503472559314126, 1.315528534917726, 1.2451610967452675, 1.143808985864381, 1.0620834634817333, 0.9755057071683688]",,30.0,16.591755512214757,9.979311811511211,6.693381520538536,-0.4985193072511573,32,4,14
"[16.434427525764537, 15.47952767504603, 14.65378832548875, 13.66396704250452, 12.72025918679358, 12.01466164213058, 11.2174722720107, 10.620772537338201, 9.768178977161286, 9.110890204386887, 8.529416290177341, 7.997388292842514, 7.449738363768651, 6.949351617611355, 6.563652932365693, 6.109150516719824, 5.718009394997916, 5.328140865970366, 4.978699653597597, 4.6841389185486415, 4.371793399553304, 4.140172710015553, 3.8488383653510825, 3.6306782220559235, 3.400502479244229, 3.1726788256856797, 2.9491395989508415, 2.7308273807573897, 2.56951794844307, 2.3948630897342293]","[-0.4909356178899353, -0.4960399663443413, -0.5028964123907453, -0.5036249703709821, -0.4923731349588531, -0.5145496258112461, -0.4915055443714628, -0.5209074072832387, -0.5025849238547495, -0.5018262975192733, -0.4987329227727172, -0.49719769644925743, -0.4936640363747393, -0.4907520804702278, -0.5017099822488064, -0.4910339304594313, -0.49451869210220645, -0.4909452223791448, -0.4923633414971427, -0.5012005644669771, -0.48349969383071095, -0.5093968011954957, -0.48820625740470713, -0.5029995520585412, -0.5089721871700645, -0.507475682091184, -0.49355411184884546, -0.4851720506017123, -0.49660179330777166, -0.4864672719926939]","[9.860050681586277, 9.17012084693483, 8.725881800946585, 8.175579635780819, 7.579457731890234, 7.1439257904159685, 6.659892260279563, 6.328318401222304, 5.847923591926503, 5.418989190204984, 5.093288502897631, 4.757886007969382, 4.483977669663587, 4.134056933350751, 3.914188623794955, 3.659123538131876, 3.4148543105442966, 3.198635649944277, 2.9709917763835256, 2.7916565356187752, 2.613987919359224, 2.46132122706095, 2.3035855946085806, 2.157421920055527, 2.0300987146271248, 1.8838838590717595, 1.7699345494092247, 1.6419654218419228, 1.5262926419149456, 1.4437115452166218, 1.3334412328067533]",,,16.434427525764537,9.860050681586277,7.44002147516721,-0.49772359238390684,32,5,15
"[16.085294299927806, 14.486466389773124, 12.57394817970097, 11.278005584979928, 10.319879429517682, 9.10380640934007, 8.237453309294017, 7.403299886394861, 6.60762237825303, 5.856114389824782, 5.31641118170663, 4.771967226285577, 4.229450041041448, 3.7091946791807304, 3.3159959710816103, 3.005205565174405, 2.717222825998845, 2.445268788241793, 2.149477098461879, 1.9303175652699023, 1.7479228115123557, 1.592012319426832, 1.418585869117118, 1.2681648393049099, 1.1215726458846393, 0.9908744675903921, 0.8893270836032181, 0.7910039007133541, 0.709752051140885, 0.6322322477432666]","[-0.5184051318695322, -0.5186182559432367, -0.47678210084002665, -0.48777804069417635, -0.5084935835570681, -0.4791239539621529, -0.5057831729525478, -0.5079324075435315, -0.5128374495161312, -0.4837916745758016, -0.5109470684266108, -0.5051278487604446, -0.4974104388115808, -0.48509116545752723, -0.4936940132475528, -0.4972518544049327, -0.49595782974848274, -0.5184943766935614, -0.48923718294853097, -0.5016518268172575, -0.5006976561123375, -0.5147950847744095, -0.5065749477374937, -0.5106768370452553, -0.49421379089235395, -0.48997274341481206, -0.4997883082687105, -0.4903367914836466, -0.4964648640978107, -0.4912531497063576]","[9.664367422676463, 8.789847145736102, 7.8259677274507, 6.793967468068391, 6.278635885737803, 5.5977823540758775, 4.982002403710389, 4.5076151765658645, 4.013796953602557, 3.579590446861579, 3.2159159598632807, 2.897993021364528, 2.6001539589144786, 2.284390899838191, 2.0171865977584917, 1.8181189572035004, 1.6538724523344184, 1.4864387329083038, 1.3182689171757918, 1.1711965605475079, 1.055518967793743, 0.961612093259509, 0.8669004667750042, 0.7665539774949018, 0.6919956325508325, 0.6045932388359624, 0.5428450088760566, 0.4835631059984107, 0.4322748658958788, 0.38783868912066577, 0.3438879318993547]",21.0,21.0,16.085294299927806,9.664367422676463,4.890128314516203,-0.49963945167679585,32,2,16
"[16.085018148485304, 14.619675886909569, 13.635599852096512, 12.594597098069187, 11.53996752478804, 10.408417607649238, 9.377043540441958, 8.667151239814766, 7.709350391372838, 7.0709892343810195, 6.5351809620056915, 5.951474574555998, 5.449802128412127, 5.021336473665121, 4.530908530678151, 4.127251068999364, 3.8004284850988603, 3.499982178148521, 3.152586307053491, 2.912938869392849, 2.6452511877974114, 2.4310340027781954, 2.2033868136569956, 2.0096420533419415, 1.8295649557009555, 1.686916836771308, 1.538712412077466, 1.4014811200056665, 1.2757782245828102, 1.170640826167948]","[-0.4820186331751415, -0.48280046545690636, -0.5073483804707655, -0.5078894030137088, -0.5067468319290733, -0.5043804663611826, -0.4869559390401031, -0.5242218607341395, -0.4754766074406652, -0.49574903339049375, -0.494201756782954, -0.4860885121275418, -0.5005251162354838, -0.5099982448424831, -0.49473925786044937, -0.4943074661736113, -0.4947500456702184, -0.5118225644174785, -0.4796212813273881, -0.5169015180141885, -0.4920575421015471, -0.5028586817570683, -0.49163600173091826, -0.5047068931731941, -0.487835098743396, -0.5005274895976214, -0.48546383197644205, -0.5001241074522715, -0.4970940555803208, -0.5100940714028223]","[9.866816427925988, 8.808419106996809, 8.16631721976958, 7.536159473969582, 6.965063998933388, 6.32523485892525, 5.669964821652897, 5.201620532697217, 4.722902176139645, 4.248300766717307, 3.9260270906133976, 3.632852842372837, 3.2680756520912744, 3.022112061642177, 2.7547935126213368, 2.483880326615817, 2.2895896635820616, 2.105159027586136, 1.919049715857286, 1.7447688797233827, 1.5990002752022385, 1.4625567484096078, 1.3410171158069193, 1.2091971699499693, 1.1069627320303346, 1.0135477063185463, 0.9334452596164758, 0.8513246432835592, 0.7661523437998293, 0.7080336964671214, 0.6385999373820024]",26.0,26.0,16.085018148485304,9.866816427925988,5.829403617829977,-0.4976313719326526,32,3,17
"[16.714688546757053, 15.579731420102755, 14.144135221584667, 13.158065064950405, 12.348556294797456, 11.311411550806545, 10.331211555637312, 9.527516796857318, 8.84395461917537, 8.21521354326714, 7.695395340924851, 7.024501876608892, 6.438957777249711, 6.023287478433422, 5.719098822857419, 5.308034869783746, 4.844802323614621, 4.460408029869149, 4.064834307933498, 3.786001160553617, 3.5420009311983467, 3.2214010825240935, 3.0043912623810267, 2.791476849523093, 2.579938350745403, 2.373766261350853, 2.210893102145672, 2.0540842953621308, 1.9117270344580437, 1.7875607169996284]","[-0.5082879083452578, -0.513714085414384, -0.48428493777013853, -0.49476430068375915, -0.5062605830829587, -0.4882757435386359, -0.4810961443252434, -0.4868696148991574, -0.4885047485688065, -0.49015294619493677, -0.5114972249837793, -0.4885767285085243, -0.48723330621763755, -0.48928646556342636, -0.511494417167879, -0.5118273594381326, -0.4978835726247985, -0.5006845783066072, -0.47974335228653386, -0.49365983968603194, -0.5099651273976171, -0.47704345525582975, -0.5018215933333637, -0.4961675289031623, -0.5048231353969445, -0.49382136296777007, -0.5034599292984943, -0.5012827810609998, -0.49354536773654195, -0.5092395994770549]","[9.9242483518874, 9.320019135014883, 8.583358225752312, 7.829093719982485, 7.388966039473933, 6.836742136123292, 6.271710245973004, 5.729341201267035, 5.3179133548994875, 4.931053830922791, 4.584185654351826, 4.265983114517831, 3.8730173861727297, 3.5920719567866506, 3.3869595257605702, 3.190783603130756, 2.9123343060578404, 2.6843560735427086, 2.4633259606394975, 2.260832137392642, 2.1193595055258467, 1.956010285933613, 1.7912563423282988, 1.6751665418850576, 1.5514807490938323, 1.421868058565886, 1.3241952884844816, 1.225149581968657, 1.145241737552525, 1.066520356651232, 0.9907959294430237]",,30.0,16.714688546757053,9.9242483518874,6.700568216281775,-0.4968422579478136,32,4,18
"[16.40906167483459, 15.129470460865141, 14.295656686625591, 13.600404516812565, 12.842076667972762, 11.89442033182753, 11.129490820230808, 10.320460787829324, 9.63426957009406, 9.166225688368794, 8.653560697775912, 8.029736130585452, 7.409800613102034, 6.936179085455515, 6.517492531128308, 6.152714356909808, 5.756685908734106, 5.334628144722288, 5.017318506664162, 4.78698310921419, 4.419056004521883, 4.085507400053739, 3.870829334827104, 3.603711922388361, 3.3890171981459996, 3.172776798989538, 2.925048007399025, 2.7232750173452387, 2.5947378639873855, 2.417065966231394]","[-0.4824096517658885, -0.4710880282053749, -0.4882640220749975, -0.5054623615573475, -0.5016901401080095, -0.4889765875801111, -0.4985406279028991, -0.48227713851425297, -0.48912197944474817, -0.5032225141318653, -0.504068456278355, -0.49987580542374077, -0.49397241795712216, -0.493043012089101, -0.4959708376000208, -0.5061581989720425, -0.49961157474132817, -0.4895471157345596, -0.48733835426459887, -0.5192551729397712, -0.5004699708411751, -0.4929913394231673, -0.5118047539349317, -0.48571684592736913, -0.49624592042284865, -0.5004506187601477, -0.493246490537727, -0.4868012105315513, -0.5077708276790902, -0.4968509889025329]","[9.957308540782638, 9.095524863865439, 8.542200298864707, 8.027207989862758, 7.6471564589242, 7.170707662795472, 6.610627320256931, 6.245119242751194, 5.739224951691346, 5.424508469539681, 5.1471842306600095, 4.829900090260073, 4.439686154826797, 4.131784517109897, 3.894876359867879, 3.639546153811911, 3.449623344571439, 3.1968825356393618, 2.9833268977657803, 2.834121648895946, 2.6573703944093396, 2.4430174432209695, 2.2846797929202904, 2.16698194604902, 2.013201473478468, 1.904496950306786, 1.7575789040827319, 1.626746726690151, 1.531248843213781, 1.4568633013098484, 1.3361820720928246]",,,16.40906167483459,9.957308540782638,7.4072553934547525,-0.4957414321415559,32,5,19
"[15.80047148874866, 14.070660067160105, 12.655129186880638, 11.357834065118237, 10.168070685289306, 9.167752908459462, 8.287803391446886, 7.344573550591054, 6.5265401198840225, 5.8887209173554105, 5.2939311422634745, 4.769391610232984, 4.252259932503438, 3.829522656703461, 3.3843537206015037, 3.0062715874800108, 2.72309989001157, 2.398647056987346, 2.1590193145019834, 1.9189216882809883, 1.733707677242282, 1.5665266714777628, 1.382424369933601, 1.2418938117250566, 1.1044901412528112, 0.992033276915681, 0.8888948274819336, 0.8040905474580913, 0.7193027540943253, 0.6346948130202292]","[-0.49800306875103223, -0.4908850049286358, -0.5013271955049372, -0.48626108437831844, -0.48967381571860413, -0.49123087602757265, -0.4972553663531203, -0.495366410297597, -0.48955626073902253, -0.5065655836041112, -0.48808739245173155, -0.49767649276994597, -0.48985783569239916, -0.5066261609045226, -0.5031233729427159, -0.49162986962665073, -0.5050421941958061, -0.4803277464547178, -0.49976272466903693, -0.4827027633313515, -0.4962000124418427, -0.505802243232786, -0.47564166721100193, -0.5058948158030832, -0.48415436547827967, -0.4953680676221746, -0.49404361045257805, -0.5005032501772825, -0.5146428740504235, -0.4966376285455669]","[9.635744760194052, 8.611596102963, 7.6762247068499505, 6.92376011154936, 6.2455797086786875, 5.528645284188215, 5.08528483811409, 4.487140641189959, 4.002096739698787, 3.5559650828824596, 3.226287645530614, 2.908200289723633, 2.600405705135023, 2.3237041144172843, 2.086423309787032, 1.8142928700651, 1.6656953699511774, 1.471420311840486, 1.3151027896491285, 1.1768360596532423, 1.0505830298056587, 0.9530719368469777, 0.8513684581035796, 0.7570564425098851, 0.6733460595740164, 0.6082244797836434, 0.5383309271998926, 0.4897314531663324, 0.43811888600153825, 0.387947736411511, 0.3453413126487435]",21.0,21.0,15.80047148874866,9.635744760194052,4.869034462370077,-0.49532832514522834,32,2,20
"[16.377339994256353, 15.037559957287058, 13.567818875187923, 12.413020525684578, 11.193002491737877, 10.211641649764633, 9.42271208789598, 8.65078126257901, 7.8819886230301055, 7.179139245163234, 6.585344552854184, 6.016749202374799, 5.498976533876774, 5.02060704086444, 4.560187796586045, 4.086191000446489, 3.805051800764078, 3.493629378231966, 3.1694206467121266, 2.9164562927619166, 2.6729013820036127, 2.427916796323832, 2.236765026368575, 2.0170123478824284, 1.857867080114298, 1.67952128232236, 1.5481810589113338, 1.4101858674899446, 1.2827653858694035, 1.1750251680676511]","[-0.5022251525112155, -0.5119818588296413, -0.48756612189024057, -0.5035569464185684, -0.47829266634347684, -0.48943746748466543, -0.497850956903814, -0.503828872578853, -0.48772397922994304, -0.4904931297057695, -0.5113593045952832, -0.5001357586647814, -0.5029644434534568, -0.504226305620687, -0.5069058465533365, -0.48707781469645317, -0.5133530521805367, -0.5004922400097075, -0.49481482758442996, -0.508969988188312, -0.5074076117780104, -0.48807569385228333, -0.5172594280646521, -0.49050587592134387, -0.50947638870541, -0.4851673503139973, -0.5062257636548102, -0.49265406739329487, -0.49997434925582107, -0.5163530639233175]","[9.882452660761865, 9.007750410671413, 8.282278553840344, 7.442098292704029, 6.8704908175466475, 6.141415469628062, 5.688740414361195, 5.1957303326765345, 4.777717006866238, 4.357769391214945, 3.955047984714404, 3.6179983928696906, 3.3272025335616195, 3.0136400676756243, 2.7738710369954616, 2.476954441391176, 2.2601170035826605, 2.113359824040064, 1.9185070321997408, 1.7461978194202898, 1.6105193892081113, 1.4671981427382728, 1.3466405764846376, 1.2204341545063238, 1.115206890267428, 1.022678075186415, 0.9254860551218648, 0.8580835893225575, 0.773515977280838, 0.7072117887299258, 0.6417478269893184]",26.0,26.0,16.377339994256353,9.882452660761865,5.846525345113766,-0.4998785442102037,32,3,21
"[16.40205991181141, 15.310878483109223, 14.177161444998344, 13.127556457539985, 12.02864084753326, 11.237625439408786, 10.278417002104588, 9.47390617211576, 8.889258621681881, 8.263238973694094, 7.681520809270496, 7.211219532956686, 6.684613732818143, 6.088233848777317, 5.621147548982091, 5.178445797951938, 4.8720632122237175, 4.562251681072999, 4.180241935171334, 3.797439381990686, 3.50160728860442, 3.254031908567371, 3.014910387076079, 2.812746043765117, 2.597170099491712, 2.4016912240773327, 2.2632067706074523, 2.0901802503492717, 1.9351054825863179, 1.7698406101556252]","[-0.5013949191957753, -0.4986780757791329, -0.4961857543212558, -0.5101597274465477, -0.48989102911200827, -0.5039284565322005, -0.4829626513607507, -0.4921025286959785, -0.49604522092592424, -0.4908230217647728, -0.49013155415066273, -0.5073727360953002, -0.5136741891437946, -0.4934809557788499, -0.5097382439870924, -0.49423611454240285, -0.5074071692882025, -0.5221895906939994, -0.5159197169827507, -0.4918446567967235, -0.49586654076395287, -0.49546447778966196, -0.4903020828023183, -0.502414479965579, -0.5043818055389068, -0.48729059589871027, -0.504617912222618, -0.5020263688939145, -0.5101324114578358, -0.4908742905594299]","[9.77072810229458, 9.156631009265954, 8.526893640406916, 7.859763436669066, 7.243479444299954, 6.689265856521398, 6.2676046296124746, 5.663540986173228, 5.302877396991669, 4.973332503789826, 4.595001946886496, 4.302531671487808, 4.002103013814973, 3.679504261344299, 3.3635052615289447, 3.1045867661200592, 2.8851284361665606, 2.726069813523862, 2.5019183886073466, 2.2982168695821388, 2.097090225117543, 1.9509106641185643, 1.8113419873430217, 1.680446377992974, 1.56413174644291, 1.4294533525980238, 1.3552640459746779, 1.2533937937049335, 1.1578828316252265, 1.068493649515887, 0.9807458537775622]",,,16.40205991181141,9.77072810229458,6.690213696683114,-0.4997179092829018,32,4,22
"[16.424406814968773, 15.38299600650155, 14.61505525769397, 13.700618161926549, 12.96097896856245, 11.993978129873087, 11.000276047122334, 10.303885316874515, 9.652357613429334, 9.14315586747174, 8.61284725777351, 8.036776399056395, 7.4238498289885655, 6.910525316491395, 6.528872942038927, 6.183780906795755, 5.766916980470709, 5.450801442073583, 5.06369681249733, 4.6685927636347255, 4.4437972413007785, 4.164238056828685, 3.8433875578521013, 3.604512455928277, 3.4112599196219957, 3.211251004109423, 2.9195751336019664, 2.7309759399742655, 2.562463447957392, 2.405563037730595]","[-0.486305229790527, -0.49866741135511206, -0.5036252830536204, -0.4895012610607484, -0.5081333512303016, -0.49986787195633975, -0.47444383381368005, -0.48795105041164083, -0.4960944971341892, -0.5065319909102568, -0.5006568706214367, -0.49984590198309087, -0.4914591789300023, -0.4886180905681675, -0.49135309006375993, -0.5005546053425716, -0.4892924984018354, -0.5062224843544755, -0.5038196727559475, -0.48684036897689104, -0.5011754689316543, -0.5077907822471431, -0.49714128293338233, -0.5001702259399945, -0.5089767183434017, -0.5238543034980349, -0.47448458515087005, -0.493509576843794, -0.5001239371642118, -0.4856486637762695]","[9.952886097320228, 9.09284756840766, 8.676167381703598, 8.177048559419879, 7.696222942939661, 7.227010425138145, 6.6185958271947385, 6.190486629575997, 5.752730368804509, 5.405571468369849, 5.127924437980507, 4.81350371838704, 4.464858940595242, 4.129746742686739, 3.8789392503166176, 3.68089291483867, 3.4570342777389174, 3.2245361733503817, 3.0557492952693766, 2.7817524328693235, 2.63216478403363, 2.496484584184205, 2.2981861479210393, 2.1431011803947584, 2.0181703583229096, 1.9085819904481174, 1.7694925068091691, 1.6297629613493114, 1.53000710457781, 1.4281644728370848, 1.3626583553417737]",,,16.424406814968773,9.952886097320228,7.437379754305021,-0.49675533625144497,32,5,23
"[15.706097619191652, 14.0254340637592, 12.743964759789165, 11.557027326081775, 10.262007527558902, 9.066634899970623, 8.13908423943535, 7.533340395932167, 6.642937511058593, 5.80041519038194, 5.249914476046291, 4.683321796243698, 4.197373587114838, 3.803075555909022, 3.4206174547250385, 3.0446091031290132, 2.7193570279214336, 2.4382423320658924, 2.1694122164405147, 1.9684802915477928, 1.750952471243128, 1.5737834337207868, 1.4027776281543924, 1.2308823746458177, 1.1053948508934794, 1.0077378549721667, 0.8955198561517653, 0.8017124191856628, 0.7093975503104908, 0.6467237993736998]","[-0.4744597773698794, -0.48959766585745207, -0.49426725771617097, -0.5043000072897296, -0.5041740415904316, -0.48870311823419227, -0.49010873125405446, -0.517122490549854, -0.49036610466466135, -0.4769828711170254, -0.5011442169225309, -0.4834899190602214, -0.4929871869581787, -0.5034530105832513, -0.5007440734049556, -0.5012109170694673, -0.5017715497133093, -0.5069166986989975, -0.4833268134820834, -0.5149774514821641, -0.4961833835571169, -0.5052908404053934, -0.5063847402324423, -0.49675222835303795, -0.4895505544428315, -0.5094387275063298, -0.48727177307583586, -0.4975319662654314, -0.4705130684821934, -0.5174775794359233]","[9.693977190565805, 8.586302492019191, 7.656201232750502, 7.083700178400805, 6.233171655231928, 5.594233919836272, 4.9069397773163885, 4.519684513986154, 4.127003075840821, 3.5612372356826394, 3.184773276347486, 2.8723174426545675, 2.562451230217834, 2.293091307261894, 2.091749829995614, 1.8546918255199234, 1.6576661632691072, 1.4788333191652958, 1.3288266745477866, 1.1888797373672513, 1.07189302076929, 0.9512999774588036, 0.8620301156760833, 0.7531188219557626, 0.6688843110997101, 0.6115450866819042, 0.5478784994561623, 0.4900386726869401, 0.43593134920989796, 0.39094181247556364, 0.35117892228929987]",22.0,21.0,15.706097619191652,9.693977190565805,4.876540987098475,-0.49654995882583813,32,2,24
"[16.17163990340963, 15.181309497649227, 13.666759590414381, 12.247929354813367, 11.26740501720227, 10.271209273623152, 9.348578637638848, 8.481391708247896, 7.886700194656856, 7.201456010134065, 6.574004104479719, 5.985011045375829, 5.42006694353841, 4.997666374848183, 4.567675501191028, 4.165079784561102, 3.8191004706276725, 3.4759654311964665, 3.1856669591488824, 2.8656303229966333, 2.6369859810776153, 2.4416118632829282, 2.197359705121091, 1.994145864330523, 1.8194705837480294, 1.6865293283249905, 1.5578736411819116, 1.3921415707611284, 1.2744691900009073, 1.1608539154345843]","[-0.48252998141348596, -0.5141269875040183, -0.4989364179917488, -0.4892103867552692, -0.498965564475755, -0.49319889225609503, -0.49351379277140345, -0.4752352973406752, -0.5102007615533594, -0.4971508061635718, -0.49881025440379545, -0.501307702817203, -0.4851987168347975, -0.4953858724683447, -0.4963572327543275, -0.4966693100193046, -0.5103045108072389, -0.49724303775370804, -0.5056749456149919, -0.4875998789165225, -0.49600474728341304, -0.5114604321699401, -0.49232972972650496, -0.49432545359547353, -0.48148880835003954, -0.4916594256558254, -0.506090398542731, -0.48471639057099536, -0.5036815010775558, -0.4852179863160712]","[9.713897922780673, 9.065294911881445, 8.37826072682878, 7.398178554212811, 6.791200693055552, 6.219569770216728, 5.66315970335352, 5.150951267073533, 4.7210462213035065, 4.352495185464051, 3.967954710014496, 3.6234501396189613, 3.281624982018605, 3.0059433349965228, 2.7721653460873723, 2.5062948594785945, 2.307087376512745, 2.0859560752708015, 1.9304256510597377, 1.7394967695873944, 1.5819233859112234, 1.4663306726179484, 1.3413926012038138, 1.2010955843212883, 1.1052396151699908, 1.0080061745390154, 0.9445153219960309, 0.8499035580957576, 0.7650828170396687, 0.7043303501865495, 0.6422666720471019]",26.0,26.0,16.17163990340963,9.713897922780673,5.831389592300578,-0.4958198407968056,32,3,25
"[16.35777922917088, 15.08562154963574, 14.130499743768741, 13.129131753988286, 12.152052836690293, 11.377013609346092, 10.390137015738148, 9.48856748806548, 8.83977138223889, 8.332507878790828, 7.7270332295830295, 7.130713049011702, 6.692999722390811, 6.184432800653424, 5.5494614901640755, 5.140853834155438, 4.8731001443772834, 4.530367190346814, 4.095317733266237, 3.8103348421191616, 3.595861569833598, 3.273486905125744, 2.9833889081258986, 2.792388611392436, 2.6379877757092576, 2.4073819711165125, 2.2505378166267938, 2.0727225343291944, 1.8982518610421848, 1.7770472405091953]","[-0.5080782496342261, -0.49063001689179464, -0.5029577189679066, -0.5046762851064479, -0.49792493481539385, -0.4946178679251482, -0.4949180961533485, -0.49747579763557154, -0.49025695272698155, -0.5002178842720323, -0.5061745181706201, -0.5052536868015484, -0.5107195946458117, -0.516551719141636, -0.4859999724485136, -0.49296993642422704, -0.5113668168917861, -0.4993750191575695, -0.4776731363984704, -0.49527709954852284, -0.5122035812082802, -0.48231438160171236, -0.4770023054770417, -0.4933176292859008, -0.515667997627563, -0.4814098595893411, -0.5138117651528299, -0.508544356695535, -0.492603298683773, -0.5060898296697566]","[9.732577456543115, 9.101655258102529, 8.367106194497437, 7.931400802825711, 7.199411178576626, 6.840751225820971, 6.316391936591847, 5.696069757735421, 5.266794586496366, 4.972358662234444, 4.646657144341066, 4.2546147522687185, 3.9631430952398987, 3.736721160014382, 3.3622219963712094, 3.0736212074065032, 2.87536322822234, 2.7297972221179156, 2.500837468442303, 2.261494023486474, 2.1447224119344024, 1.9896954545990244, 1.811220802574912, 1.659237789017785, 1.5719409870060967, 1.4576712329000414, 1.3386346661665904, 1.2476666005730939, 1.1381000960832897, 1.058749620190151, 0.9886616935671686]",,,16.35777922917088,9.732577456543115,6.6902250572437385,-0.49886934362497637,32,4,26
"[16.938631960948722, 15.63883793027072, 14.565266364986176, 13.56678389209666, 13.044677532241117, 12.085020987560673, 11.20823775838495, 10.482210342790165, 9.655695616701562, 8.939489068156512, 8.49905815518867, 8.143379166544547, 7.5425644055438115, 7.004142041178345, 6.555631875710386, 6.163242109407979, 5.699400659342302, 5.339322472825201, 5.027197294885483, 4.7280219298035915, 4.395584128244591, 4.090772610167472, 3.830050248978573, 3.5891987441979447, 3.368690288538205, 3.1260086500383415, 2.970405835296332, 2.8210529034404543, 2.595543989205216, 2.3891133495279284]","[-0.5256626503930906, -0.49634135362627907, -0.5113877301216814, -0.48692608017298417, -0.5268487766934619, -0.5079542488284688, -0.5128751540178931, -0.5077819141599732, -0.500296719415886, -0.4888328311885011, -0.4871953023335279, -0.5095623756089792, -0.4897021792920666, -0.4981069202134031, -0.49780158364495275, -0.5036340106879035, -0.4861929856624149, -0.5025063225392676, -0.49912954410189664, -0.5067364602432521, -0.49121679944635643, -0.47722248604485973, -0.4916489127179744, -0.5054378909274733, -0.5139990598631735, -0.488374381700158, -0.505647709474719, -0.5138064551688549, -0.5002653732110716, -0.49299728455971653]","[9.987061415878582, 9.404065822958318, 8.67117143828884, 8.080502869086462, 7.651773876075092, 7.276438277633628, 6.6364874530841895, 6.248601929398602, 5.821469743565793, 5.323154581704838, 5.036557268525736, 4.818636987285328, 4.553479112736395, 4.183288712203825, 3.907936765740666, 3.6661139235193723, 3.4408010495187917, 3.168865448902844, 2.9904532571604183, 2.8152560795572215, 2.6309546197797924, 2.458558181264415, 2.3004070380968153, 2.1334455673695736, 2.002834771012507, 1.86821717428099, 1.7548468214843589, 1.6682841575000857, 1.5738568595074975, 1.4216665974662517, 1.3431272019557978]",,,16.938631960948722,9.987061415878582,7.466774410406754,-0.5008697165353414,32,5,27
"[15.930687776348698, 14.018638065028327, 12.795894333340726, 11.563029932752917, 10.225875734978759, 9.296713924524303, 8.329445262579025, 7.432617138628707, 6.667404553432035, 5.945998864976055, 5.220647559525562, 4.681515236708433, 4.231980024776988, 3.7806623247387905, 3.381650901074542, 3.043577532399717, 2.6617861942046006, 2.371621546203078, 2.1609509052309406, 1.9407458108895292, 1.7478599579517284, 1.5656602927216912, 1.395666258093564, 1.242669859305964, 1.0997104490518812, 0.9801603262367582, 0.8738882933544776, 0.7874543684046635, 0.7096607811391069, 0.644484427837611]","[-0.49477595976796, -0.4707604979842187, -0.5051947161497872, -0.5085046449729063, -0.4848350943571962, -0.50869144648821, -0.4921415598772328, -0.48823639959742987, -0.49823268248028263, -0.5112710740668085, -0.4868638448953841, -0.4872575870584429, -0.49949073837113084, -0.5031795779326614, -0.48898775185372995, -0.4996103222707111, -0.48623260001494567, -0.48413349867379235, -0.5096135939605969, -0.5030947835639031, -0.5050893116850478, -0.5066986275316177, -0.5002947664342879, -0.49602323065966514, -0.48382949741035086, -0.49439533302993044, -0.4848269533032799, -0.499620126683319, -0.5027504319327466, -0.5089543143444958]","[9.769763250394842, 8.645940385021625, 7.691473377508392, 7.053903764338047, 6.2523793917242605, 5.60954762739611, 5.090304710222409, 4.547808833779829, 4.0638152470031, 3.6355926842498314, 3.200120455299342, 2.8512656015477877, 2.575169670178795, 2.3099267278437132, 2.0483938224884803, 1.8694103584042803, 1.6430334950870562, 1.4424830851558594, 1.3095126823825738, 1.176627235598249, 1.0610584062124648, 0.9528251397728144, 0.8500617414403138, 0.7605278373872764, 0.67544063282471, 0.6005314094801496, 0.5326938644891636, 0.4810721612475299, 0.4277961126299833, 0.3906199856255294, 0.35101107670061565]",21.0,21.0,15.930687776348698,9.769763250394842,4.890955287881307,-0.496453032245069,32,2,28
"[16.459843449009302, 14.828503630330625, 13.482486347527516, 12.491264477727047, 11.507799084602702, 10.437371622750053, 9.527578986729715, 8.714138296631795, 7.901167264120916, 7.166688636432031, 6.5319806942460215, 6.057080562301528, 5.494457779225025, 4.9987595937122915, 4.569554227959208, 4.1544751744626565, 3.7993246969921985, 3.41934429284392, 3.187521166577808, 2.9021766332003054, 2.632964558318844, 2.3890640217704817, 2.2115878527397226, 2.0363275026349075, 1.821869777773443, 1.639607010340538, 1.5292199169354088, 1.4069073719913585, 1.2777810768552629, 1.159928965674968]","[-0.5115972756529207, -0.4869908079344092, -0.4908266986695272, -0.5133987935418257, -0.5099140290569879, -0.49334300791471175, -0.497466487481129, -0.5069111879204571, -0.5063863748271649, -0.49883574404686754, -0.48401417074290526, -0.5091321165845636, -0.4930991903528551, -0.49164860658448883, -0.49905734643311894, -0.4870250143998333, -0.49644048404096636, -0.47248921772052765, -0.4972436536223224, -0.4883408671176793, -0.4954444321677028, -0.48010762110193417, -0.5068591116130069, -0.5059237686565914, -0.49642237612133694, -0.4864305863063156, -0.505053704387185, -0.5038106750689657, -0.504069560194699, -0.489719500253478]","[9.904959528999411, 9.021519845204804, 8.168395583277437, 7.441889228871554, 6.91467688098883, 6.3254334761730515, 5.748766706215023, 5.258371052288929, 4.776970779818935, 4.323448854853219, 3.9523624007402067, 3.628225182707252, 3.342794940957147, 3.0134060714501976, 2.7730997392395906, 2.5027108253994927, 2.314073170839402, 2.076052956818548, 1.9077045257538343, 1.7755178403593208, 1.586909284336538, 1.4570694441472898, 1.318851683538861, 1.2285271829234299, 1.1173274955804615, 0.9875539567614294, 0.9138293684493404, 0.8485976447943427, 0.7733231733853474, 0.6995244041459082, 0.6440677567362277]",25.0,25.0,16.459843449009302,9.904959528999411,5.857892489080586,-0.4969334136838826,32,3,29
"[16.240226014251956, 15.182444316269468, 14.170134327192116, 12.960834254108267, 11.967273643178043, 11.270017886835221, 10.418124236380335, 9.671886399290184, 8.980245570650425, 8.22870016325443, 7.544344367745936, 7.064550670815012, 6.546229998712234, 6.054435956236586, 5.710259063918577, 5.246168585278662, 4.794055140730253, 4.460508715362412, 4.1508094601570855, 3.8545033038367764, 3.591608057179009, 3.296884183476188, 3.0222159024982647, 2.8052361712052956, 2.53352140350925, 2.3868163880565305, 2.259766207093482, 2.082331670048005, 1.9571047359490823, 1.827977556608903]","[-0.47536455743624445, -0.4954179351418547, -0.50450330313007, -0.49122225238734835, -0.48188191971802047, -0.5067447234494661, -0.49227797237543724, -0.5047916594109343, -0.5052275352389659, -0.4939431973790937, -0.49130204283708734, -0.5046210448965931, -0.5068316393834906, -0.5044791536432255, -0.5176295914958575, -0.5056010694179085, -0.4929722374708934, -0.49396974051954745, -0.4948472518550933, -0.49041109889499973, -0.4986939529365307, -0.49814223443886935, -0.4834115713731674, -0.5038220782557492, -0.46785897948993416, -0.49033522370555604, -0.5162019515152982, -0.49081149284940223, -0.5132335967057725, -0.5108677937576913]","[9.867526772281838, 9.034460102165074, 8.521021135792498, 7.811661821492169, 7.193864060082967, 6.705979194322894, 6.276026779568708, 5.781420786962936, 5.366373944795282, 4.982761866020132, 4.534590445724463, 4.200050686518662, 3.943523294861192, 3.595630685526877, 3.3839579882566095, 3.170163525726256, 2.8739283892478555, 2.673554445563394, 2.486230114715279, 2.313920354764399, 2.1501442607427745, 1.997960489633952, 1.8097553107191717, 1.6988466750972744, 1.5348706341635407, 1.4216574381621547, 1.3429395366196277, 1.2519253995362456, 1.159335512598348, 1.0902903170698555, 1.0124042493780663]",,,16.240226014251956,9.867526772281838,6.675973811660934,-0.49758062670367015,32,4,30
"[16.926678002990343, 15.91254907036436, 14.594097319848304, 13.472985965411542, 12.474761204210573, 11.881820535351293, 11.32884497543549, 10.408093602039177, 9.844050349620668, 9.095128323288478, 8.529312890251896, 8.046980647398428, 7.554971695991243, 7.083348912694029, 6.496378301330534, 6.095346267604688, 5.809805562267195, 5.315989612704375, 4.910395202024006, 4.608239941906701, 4.3659000161145585, 4.060731271685363, 3.8716985019516836, 3.639189134721444, 3.367023942852919, 3.1665437638411364, 2.958399246652712, 2.7583263461043117, 2.6039900508844767, 2.3925198790457927]","[-0.4962811990428206, -0.5130728252538235, -0.49191735999130337, -0.49946382590721305, -0.4822818783653418, -0.4899154771365798, -0.5295164292025473, -0.48858973830231006, -0.5115862602602707, -0.48463099250700337, -0.49655401306159586, -0.49372273279226053, -0.4972401248311475, -0.5131054885251285, -0.4962315780818226, -0.5021458892600461, -0.5202716391506612, -0.4922954996071968, -0.4955287234172131, -0.49409350625722065, -0.5161539938173514, -0.48571203245277716, -0.49563636441887643, -0.497899278493156, -0.49333935698594616, -0.5118570975467062, -0.5084886191079117, -0.49443539473201564, -0.5060327556040174, -0.4847502808131488]","[10.061538178006606, 9.505318197992265, 8.784796013268853, 8.107985998855444, 7.447377569176675, 7.041081716799263, 6.723965893681785, 6.227696414545066, 5.83430398212771, 5.487260362153881, 5.066193223242569, 4.792665060970743, 4.517311510878399, 4.212670260265071, 3.929392852308942, 3.5786615582798462, 3.4542442498937453, 3.2080288675759707, 2.944249003701054, 2.732930193924617, 2.598137434161931, 2.4151758980081857, 2.2957210256819516, 2.1809522222827917, 2.0231747617176055, 1.8724006142216285, 1.7691704290725414, 1.6364268815276541, 1.5541797530003703, 1.4459807844703343, 1.3299733199702122]",,,16.926678002990343,10.061538178006606,7.452470017886257,-0.49942501183084703,32,5,31
"[16.059493248693066, 14.433885647566546, 12.792261797922466, 11.310468574758895, 10.212602162239056, 9.271069181139117, 8.301661870690952, 7.392595234351686, 6.704674334692109, 5.90829433005292, 5.295450262388749, 4.813838253597579, 4.278502131208322, 3.770960135194921, 3.420323446673208, 3.0202405292768377, 2.663186342506112, 2.4079097825616795, 2.1792591276737268, 1.946925718075644, 1.7483899581084053, 1.5655038090429936, 1.3995025305970725, 1.2522764325652305, 1.1147538436554323, 1.0019877074964851, 0.9028263714108083, 0.8025166725145142, 0.7139395169073718, 0.6414651721279859]","[-0.49583587692966435, -0.5024528811689251, -0.5053034946856102, -0.4879366373842035, -0.4924561287140542, -0.49510255743188003, -0.4986740787663528, -0.48889747272414036, -0.5138132251327882, -0.4799300739874575, -0.48842821312706586, -0.5138708032351558, -0.5099341332503401, -0.488788377822583, -0.5144533379184386, -0.49432789448287345, -0.4889157986711688, -0.4981001818787122, -0.5076750092173883, -0.4919677269491794, -0.4986225129881097, -0.5039094171767478, -0.4993648693154159, -0.4948371089061212, -0.48836692716711844, -0.4897383401570466, -0.502824718963233, -0.49523758163361553, -0.48782128958200377, -0.487102447109529]","[9.728351271941683, 8.834088792204806, 7.808658043478241, 6.927881988869332, 6.1777722605663845, 5.640335964329715, 5.077502266562323, 4.506992498859384, 4.05695063043474, 3.6460184063365118, 3.2177017520997797, 2.9181683953140958, 2.6121311497410535, 2.3089486184836012, 2.0592969700607644, 1.86979634129933, 1.621298032582925, 1.4639327206901673, 1.3169432627715119, 1.1920198904096513, 1.0608396193106024, 0.9580801041172112, 0.8461111785354014, 0.7696331490189053, 0.6778837884977227, 0.6137972946581165, 0.5465083357012993, 0.4945771590326578, 0.4328711369620051, 0.3945773968313439, 0.3488428385754999]",21.0,21.0,16.059493248693066,9.728351271941683,4.910892137522996,-0.49682297054923075,32,2,32
"[16.25743528627025, 14.81266963914288, 13.418782625994975, 12.245903733783628, 11.378140026833856, 10.277559323826729, 9.291177587426265, 8.51169437715852, 7.851760439243879, 7.242032836233563, 6.677677924523142, 6.033721256991948, 5.491727685038154, 4.979768549684272, 4.479108699524553, 4.108185245725078, 3.812378677003801, 3.4732277935089084, 3.121476909465658, 2.8616100418277832, 2.6635894637894566, 2.4056859851025187, 2.20325781433939, 2.0255872145439433, 1.8520304786605504, 1.6789480943379587, 1.5290281365860756, 1.3922100321243223, 1.2822032853870724, 1.1572979821073046]","[-0.5033009328854189, -0.5055012121670946, -0.48271714077196903, -0.4769254661232677, -0.5097742585499472, -0.4884854682399101, -0.48931611766726674, -0.49121321445861177, -0.5107352278308095, -0.5014833172330629, -0.5148246552704563, -0.4924681926195215, -0.5061255543786616, -0.5012200275483562, -0.472963016332742, -0.49186268466633537, -0.515233581702451, -0.5067182266934813, -0.4860688026450097, -0.48161318625821, -0.5063058144570672, -0.4788321839693665, -0.4968139259854204, -0.48953027947100886, -0.5057214224052363, -0.4989377440161191, -0.5050142352247883, -0.49704577831941876, -0.5099301152381858, -0.4967917225885498]","[9.791592065050917, 8.954075065711717, 8.112021937434204, 7.468054229850835, 6.776382998708825, 6.316744233405642, 5.588930141570474, 5.175285470637207, 4.677802490541088, 4.354485349653301, 4.001284119812249, 3.6693109073730383, 3.312284461405465, 3.013799339017491, 2.7317046358540344, 2.4854981225328014, 2.269474142680232, 2.1095628489463003, 1.890052378922755, 1.7299497261841965, 1.5938176522553633, 1.474627405205938, 1.3215535124807773, 1.2246356796981785, 1.1217436453303147, 1.0118003879383433, 0.9269481007536085, 0.8348870141346447, 0.7738956828133021, 0.7012074728568946, 0.6360225142430097]",26.0,26.0,16.25743528627025,9.791592065050917,5.817195904872881,-0.4971157835239248,32,3,33
"[16.31079357821017, 15.254229017362182, 14.238704396112324, 13.223579663376439, 12.129341530006295, 11.252778168747259, 10.491326086844987, 9.52876850952122, 8.917691371246958, 8.320395431593601, 7.659402734299622, 7.07184801153522, 6.535750816520483, 6.02868609765657, 5.581111483078257, 5.184440898703853, 4.813922714674973, 4.455925330175179, 4.095574217498728, 3.80326493693177, 3.569464730556307, 3.2812071962915486, 3.0321336502913425, 2.807045776955598, 2.5904817348738574, 2.3811618643816876, 2.2332345294328824, 2.0778751474636192, 1.9284059190224898, 1.7963148809856788]","[-0.4878807488811352, -0.5003192884013965, -0.4987205749562418, -0.5033308881025211, -0.49322915433891357, -0.4994523365824769, -0.517943107309854, -0.4907454683210635, -0.4932375246819028, -0.49784657315192854, -0.4924094652982381, -0.4914594870250473, -0.4995027852989213, -0.492146641657498, -0.4930376639496337, -0.4965966710770475, -0.5034901795727263, -0.502199226429421, -0.4879708621218536, -0.49576278341063074, -0.5138220282069655, -0.49674903596475467, -0.5066964668536366, -0.5000438231106484, -0.49683642192324357, -0.4825922505693275, -0.49824971656537714, -0.49518644987514393, -0.5081504293930519, -0.5110056837273842]","[9.835563842325612, 9.06972920485962, 8.539807548876155, 7.904544835447662, 7.344406002214674, 6.687857166829474, 6.3062339551967215, 5.731943787941988, 5.302171556692248, 5.017045177781762, 4.594307531993524, 4.270460232505879, 3.916139115855172, 3.6301382485760505, 3.3475364799494356, 3.110507692714326, 2.8812974208902724, 2.669552553600264, 2.470664187367973, 2.27620452747354, 2.1207167785199923, 1.9813258594136811, 1.8103016618994558, 1.6823482393925313, 1.558107970779817, 1.4354372396737884, 1.3294777655302095, 1.250338687510503, 1.1521668067109574, 1.068019489480531, 0.9982372327157797]",,,16.31079357821017,9.835563842325612,6.6864953474783695,-0.4982204578919328,32,4,34
"[16.89948237418067, 15.642962074614886, 14.576825130967343, 13.66465103393287, 12.77976962519852, 12.028940350670538, 11.212826758177156, 10.541126619697758, 9.770009311129282, 9.16576039443632, 8.628365404664061, 8.18765031600931, 7.646898819035186, 7.03437210579352, 6.474569805690192, 6.102076859196953, 5.7008321145936565, 5.386216146112758, 5.029800114499206, 4.605600806004123, 4.367869775501317, 4.093918249908225, 3.861474222174611, 3.6299415051892034, 3.3823322092275885, 3.1711493925729535, 2.934389119744462, 2.7088220958522924, 2.5505953648962985, 2.3987720124086356]","[-0.5021348972672187, -0.48970645927518386, -0.4963526580064629, -0.500126639251683, -0.493545266386345, -0.5115998376276306, -0.49632248053998956, -0.514857927227149, -0.502793029578805, -0.5023122677278411, -0.4999566416052235, -0.5119718083203653, -0.5074677030261296, -0.4982160798677259, -0.4858928563395725, -0.5047077722109038, -0.4892347466103742, -0.5022715033906603, -0.507840171706232, -0.48988997345438073, -0.5082900289336938, -0.49595594830736417, -0.4989976264979545, -0.4942518884900433, -0.4922772399528153, -0.5053705984283356, -0.49398183897908726, -0.47446879626299593, -0.49082014437790583, -0.4832288304070012]","[10.072797221107061, 9.423590136286316, 8.69665044358869, 8.152764330477705, 7.622176464938692, 7.164077539752964, 6.66949294450672, 6.2920148051778675, 5.817007806011775, 5.451982896792719, 5.121870574333812, 4.840123466321505, 4.575456219144616, 4.230314374270581, 3.894793361320151, 3.614998540224056, 3.4191443118674423, 3.1859474641736276, 3.028151632575254, 2.7626559691720693, 2.5722840691205566, 2.4569870405669327, 2.275475190018708, 2.18455198414564, 2.0138228706564023, 1.901300789963959, 1.7528994576229768, 1.641641460017321, 1.5122552858759684, 1.4416843198890046, 1.3431878954980114]",,,16.89948237418067,10.072797221107061,7.472600003735996,-0.49816145533523576,32,5,35
"[16.120142480719277, 14.467515150551732, 12.890831391813217, 11.519801776020675, 10.365527085753746, 9.229933461208592, 8.21038656054142, 7.390279150527049, 6.586633192846932, 5.890179715741862, 5.2706829794684005, 4.693733930834227, 4.174289039378075, 3.768039808646484, 3.408331108681499, 3.0604965811276164, 2.6999133493697736, 2.4131546496559464, 2.172753342747766, 1.943055192202977, 1.727467640843092, 1.5429670368034956, 1.4022411293799604, 1.2441759556015461, 1.1022881502758222, 0.985480932995551, 0.8917574921068478, 0.7959019095737505, 0.716100227917451, 0.6432010089798016]","[-0.4976744879561839, -0.5044130945563089, -0.4976843338297836, -0.49519804704054543, -0.5059461294904233, -0.5136858503668447, -0.508035223034014, -0.5112977970557415, -0.5055603740502211, -0.5124595048400403, -0.49736516956639115, -0.4971704773350538, -0.4905958929945122, -0.5011405131070643, -0.5083141458589974, -0.5055629464058836, -0.48821619668473315, -0.487552158006614, -0.4952057014523861, -0.5011956603655697, -0.4965984109670883, -0.4872676594861844, -0.5098620849061515, -0.49035520390478154, -0.49074663238071603, -0.48989936194842876, -0.5041657949933246, -0.4903325254632145, -0.49534770061560335, -0.4985022660579576]","[9.829839511493194, 8.78878404363378, 7.884262508475253, 7.00355601616469, 6.3136767766919135, 5.625240015565512, 4.977932833751506, 4.4729129054045975, 4.024871466969936, 3.5620247190063266, 3.2083187389111787, 2.8801254998334924, 2.541295814048961, 2.29173744380192, 2.0554331713991703, 1.8678450107009963, 1.6575172458881455, 1.4704698439247903, 1.326356677895265, 1.1852030758642316, 1.0563192942487702, 0.939504551427248, 0.8489807704254958, 0.7641675140915322, 0.6762060986081873, 0.5997689458187094, 0.5415081487954717, 0.4862889662622853, 0.43523177074251074, 0.3925638131757732, 0.3501057497944464]",21.0,21.0,16.120142480719277,9.829839511493194,4.910908714410486,-0.49924504482402543,32,2,36
"[16.171653338751515, 15.099041961136912, 13.63009021280342, 12.484265015223237, 11.49196814871561, 10.299915334317319, 9.360613945003184, 8.563660717009013, 7.976572674917668, 7.213807063988323, 6.462168420167507, 5.945349152291425, 5.4343549974089935, 5.018058916208142, 4.6476823927106015, 4.180572591723369, 3.795982638566854, 3.4774564115163633, 3.182591507554252, 2.942582635024432, 2.6742912968927404, 2.407032451559779, 2.1519058367464448, 2.0020684583771216, 1.8050978463370417, 1.6709487360184545, 1.5244399727121667, 1.3901605953700733, 1.299766677161702, 1.1707317767878593]","[-0.49003099582758414, -0.5114048001669952, -0.4964208171836298, -0.5042386111808294, -0.5197290829416128, -0.48844901105600674, -0.4922621424015803, -0.4812649169302108, -0.5120587571211099, -0.5038852894135972, -0.48290012250238795, -0.49381330512820665, -0.4943995405431026, -0.5087276133824162, -0.5182679637509383, -0.4977085113853875, -0.49289943592077046, -0.5111461745840927, -0.5065691487307946, -0.5207522129053476, -0.4993262952134066, -0.49867629244275635, -0.4695346985963716, -0.5080987662523909, -0.47341032454043325, -0.5026843758031598, -0.4909132564929396, -0.4781947727301619, -0.5172265693847212, -0.49836795999659356]","[9.64627117190011, 9.086647759770033, 8.276205864975744, 7.474411282620272, 6.9172985413796075, 6.260902791489044, 5.673507364487836, 5.159029583721372, 4.7893675092202415, 4.3814574027147835, 3.933584403233081, 3.568080094180078, 3.309573113540428, 2.9741996114528297, 2.802541545776542, 2.529538821562608, 2.2996269428563965, 2.092346536528852, 1.9068465285360632, 1.7590978436916513, 1.6144641218512352, 1.4731555729698236, 1.3057878418390911, 1.2038969376814133, 1.100926743032953, 1.0013005200923217, 0.9259330918659753, 0.8389630825500526, 0.7776417632541122, 0.7142261220331858, 0.6376281993865327]",26.0,26.0,16.171653338751515,9.64627117190011,5.849161057433384,-0.49877872548365126,32,3,37
"[16.269405117522002, 15.340106342701256, 14.376676317453274, 13.22537785536959, 12.098145769479975, 11.220600429887481, 10.361320253259041, 9.657232206693555, 8.893552225243884, 8.125826872389718, 7.575990545002061, 7.08394795651845, 6.551419930153451, 6.08681275075281, 5.656284461597954, 5.202144733855043, 4.876963364509896, 4.512200794516645, 4.152585503373088, 3.8195135005968064, 3.5321342960139166, 3.274925232368434, 2.9883081720391145, 2.7652909076580703, 2.608311438615999, 2.4179444699078787, 2.193414329456322, 2.065470056991862, 1.9149340049766805, 1.74614308570915]","[-0.4770051958785535, -0.5071836453762335, -0.5069218663968794, -0.5006192356267368, -0.4969482508113362, -0.4998602154588872, -0.490131269343198, -0.4913149687805818, -0.48948126883452897, -0.4794515854871464, -0.4952640643160721, -0.49938390954484474, -0.4939109601592692, -0.4968593781599475, -0.5049760853702363, -0.4960266424452237, -0.5153159502338763, -0.5045319814307572, -0.5041899535641635, -0.501860564346469, -0.5017941227242523, -0.5074451807957336, -0.48537566225550605, -0.4886287674756069, -0.5139642018048936, -0.5060005011689922, -0.4741750184995289, -0.5043180326151424, -0.5042345344704541, -0.49259004730728456]","[9.786637122706995, 9.141433036239142, 8.52602833755007, 8.034166941871716, 7.2269296923700646, 6.754354502068693, 6.1987091585282235, 5.802831598318606, 5.378051370036833, 4.924108368938234, 4.5206932048080875, 4.239628080900909, 3.9400594548302657, 3.6382340654082674, 3.3961816956979995, 3.122436086392009, 2.8909542426074575, 2.7110218440530285, 2.489816782565267, 2.297216048021695, 2.1091140324442974, 1.966174871126545, 1.8049065050844721, 1.6616135484535406, 1.5428862417300249, 1.4545928581170255, 1.3309410460179967, 1.2230715187046495, 1.158211387618198, 1.0489584405366597, 0.9718120576805035]",,30.0,16.269405117522002,9.786637122706995,6.68643276415378,-0.4976587686894113,32,4,38
"[16.718044371690326, 15.903195245293036, 14.492966895804994, 13.300869849498197, 12.632186245224107, 12.048511337520386, 11.321505962813486, 10.495592144222497, 9.76785922920092, 9.187409090370922, 8.510476453799148, 8.002925626276715, 7.5230964836292, 6.996734302657909, 6.439043103714495, 6.222745281106075, 5.8421994901695165, 5.385967191251568, 4.995180264149561, 4.765304384956493, 4.438457621631863, 4.142127837812525, 3.87652194916141, 3.560566217052959, 3.3845575170900437, 3.154669950245619, 2.9582575234829407, 2.8004811159853036, 2.6111328699922796, 2.431143813205371]","[-0.4983697119010654, -0.5302347211197184, -0.49002476542901174, -0.4896038556257756, -0.500107927791082, -0.5065160540247905, -0.5139827266842562, -0.4997413268351904, -0.4889116580785015, -0.5013707933260574, -0.48346996846640367, -0.4926340959204106, -0.49452463980257844, -0.5099875065748457, -0.48217570715977215, -0.5199637057938078, -0.5006645925003523, -0.5013332452830654, -0.48901800711552834, -0.510569083589167, -0.5049969597828082, -0.4980584347156739, -0.5067459174980459, -0.4827425810342736, -0.5035980908932528, -0.4896493663176172, -0.49462219243466315, -0.5115966843835584, -0.5145262662905032, -0.5024143690698623]","[9.934454410062834, 9.377692869668929, 8.80060395849394, 7.983551962693784, 7.425002697590184, 7.160062971741375, 6.719954213306, 6.2902074361534615, 5.827152691402, 5.492017570626168, 5.1095535310485936, 4.770066333376269, 4.492273622674081, 4.208988626284836, 3.8406466537784727, 3.6381352111103777, 3.4995032090850753, 3.2433753046702263, 2.97106044143285, 2.8174082498827113, 2.6651224530507873, 2.449963455149378, 2.3355943590159938, 2.129032020038724, 2.0055694003287416, 1.8974073452693556, 1.7570012836509463, 1.664618463784632, 1.5560796008333562, 1.4438297589756537, 1.360749276305514]",,,16.718044371690326,9.934454410062834,7.463657645633661,-0.500405165181388,32,5,39
