acceleration,orthogonality,step_norms,exit_step_by_acceleration,exit_step_by_norm,max_acceleration,max_step_norm,mean_acceleration,mean_orthogonality,num_steps,depth,seq_len,sample_id,trajectory_type
"[15.919820675630964, 14.415015212454502, 12.836204608299965, 11.183444820998194, 10.329727838096382, 9.386503822960409, 8.191145434429636, 7.2365764621689115, 6.5771884156452645, 6.011735038331145, 5.320590270493933, 4.645273252597174, 4.2173359160006285, 3.812912980259668, 3.4215016491133197, 2.994192044700258, 2.709943217364531, 2.4296178916086606, 2.164119338936763, 1.941106719523718, 1.7390611418827195, 1.5374504357369476, 1.3655954328229643, 1.2391986488547382, 1.1147838936449872, 0.988280729628047, 0.8857725043438184, 0.7973659055678891, 0.7094721968193165, 0.6348722459508148]","[-0.49546923352192324, -0.5000157160961777, -0.5054146681179496, -0.4623337942809888, -0.5133613557039698, -0.5156951253478972, -0.4954043410990165, -0.487209415764436, -0.4988113388467084, -0.5113557370027877, -0.500745990628232, -0.48023133088231135, -0.5063118359494566, -0.490536650285362, -0.5073854953384223, -0.48791935098601713, -0.5010590651822583, -0.49041410255237244, -0.4946281664866668, -0.49237502984452225, -0.5072080511591137, -0.4949853810806434, -0.46840828970919995, -0.4863430166940765, -0.4872938159014226, -0.48388019422631495, -0.4950349930461502, -0.5082389379943033, -0.4897723556301536, -0.47118419766067754]","[9.626461154665275, 8.777383096998982, 7.859110490351203, 6.926522610332749, 6.143642612505076, 5.729000324693165, 5.046431933219433, 4.419405581776486, 3.9683483193258784, 3.6267777510610926, 3.286134959007987, 2.8508941456625876, 2.5456743939869746, 2.3120309693133834, 2.1030051716702056, 1.8351381456199451, 1.6342634293371294, 1.4927410690341425, 1.3199331009850808, 1.1821814872611576, 1.0638745840036712, 0.9381218574562401, 0.839218586282785, 0.7536760326335069, 0.683188710645375, 0.6088017174381941, 0.5377835122355688, 0.48627803990468, 0.4313874836413439, 0.3902959108138668, 0.3495324661595533]",21.0,21.0,15.919820675630964,9.626461154665275,4.891860291495543,-0.49430089923398435,32,2,164,0,synthetic
"[16.148276622670036, 14.95513867470986, 13.693272302049747, 12.659317045889608, 11.386674120884278, 10.246876749453225, 9.43062530693334, 8.561688046150879, 7.90462521168907, 7.202720938716075, 6.5008013749361755, 5.862383115893465, 5.441872458545078, 5.023661470849956, 4.560119371056915, 4.123014471576806, 3.758472096665327, 3.4467392718951695, 3.1936390946809694, 2.877459604919292, 2.6441126861041067, 2.4162865600953327, 2.2021753873709504, 2.056853969775766, 1.856224354356775, 1.6685955498361846, 1.5362136323763451, 1.4143246307146218, 1.2817761187200973, 1.1637596734820097]","[-0.479253687848872, -0.500696412203113, -0.49797946455506065, -0.5072682517366714, -0.4928917535445917, -0.48054313122226183, -0.5009067890392422, -0.4984415317393267, -0.5115698859509871, -0.49678564006104037, -0.49958601030193844, -0.4739445080898316, -0.49062810568735293, -0.49584132950314463, -0.49581649464229205, -0.5016078478784226, -0.4964717796061701, -0.48539584477546666, -0.5133641198590317, -0.4849587623380159, -0.5047868717568192, -0.5031207977797769, -0.4847303817463906, -0.5245156132725154, -0.4934892442643263, -0.4870077087763769, -0.5056636208310462, -0.5059926189780148, -0.49579621944055235, -0.4948944005986695]","[9.734671312867214, 9.037496880137397, 8.220773929000392, 7.597399098204994, 6.980771658583379, 6.19064408937192, 5.715598531937245, 5.166046080485348, 4.721941843334291, 4.3683118456187, 3.9541353906140935, 3.549744239243713, 3.2771807046565127, 3.02454473883288, 2.782639967256951, 2.4875058490513298, 2.269128147228516, 2.074426615596637, 1.924062971395175, 1.7459252260547007, 1.592237113230606, 1.4550450097823815, 1.3312353096663458, 1.223877644155784, 1.1314330830022272, 1.0155568075927832, 0.9187343730389758, 0.8513721815100189, 0.7779542423917356, 0.7035622162874515, 0.6420495386713867]",26.0,26.0,16.148276622670036,9.734671312867214,5.840589997099915,-0.49679829426757743,32,2,121,1,synthetic
"[16.680781846023102, 15.461797044743996, 13.906758457911083, 12.94560556302225, 12.304096526095586, 11.360339263213495, 10.518420318535249, 9.66307829836175, 8.957481797377945, 8.332987001096768, 7.696610373880692, 7.1730070884753765, 6.596604805174192, 6.120127073288295, 5.7270616208564835, 5.225034807071049, 4.760236792992665, 4.443321378174382, 4.1025785152265986, 3.782381641266603, 3.509110749731202, 3.2472169047803057, 3.0281524663494643, 2.835073856766625, 2.633548878522381, 2.4368255088921646, 2.274999882902581, 2.0734072609833385, 1.9147239443520077, 1.8014231674318606]","[-0.5078941930397451, -0.5171471610436191, -0.4799312974138234, -0.49035256634297, -0.5155233001054117, -0.5002614497699681, -0.5170615431146981, -0.49704578271221617, -0.49593161895193266, -0.5033567068564327, -0.4909210144048061, -0.5141721698882034, -0.49803117716614853, -0.49448589840246543, -0.5103437041160435, -0.49275709339593154, -0.4784016879185692, -0.501203136775886, -0.48954800703558893, -0.48239918067566917, -0.49275513273236515, -0.49420431039816515, -0.5021409179071801, -0.5074408671218519, -0.5102352215593633, -0.49675396767402663, -0.5107513026971016, -0.49684399944060786, -0.49564221629981847, -0.5183375853572065]","[9.930963596186174, 9.27621755005391, 8.470527731316654, 7.689494564108729, 7.305425277850707, 6.826578162331652, 6.286362522328758, 5.787492019134736, 5.3789632226351065, 4.975654873855513, 4.633691654716974, 4.27818619643388, 3.963711488264218, 3.6563181685388404, 3.4223128087050365, 3.16643382342309, 2.879218119228159, 2.6558452141635116, 2.4717054819291118, 2.280821984473235, 2.111407154834986, 1.949286282860628, 1.806624627023475, 1.6868111078906356, 1.578170110216636, 1.4516109328170268, 1.3647924322770322, 1.2520000062116083, 1.1438670005675242, 1.0698673358966186, 0.997232885820918]",,,16.680781846023102,9.930963596186174,6.717093094449983,-0.5000624736772605,32,2,170,2,synthetic
"[16.667453746844373, 15.391342568495313, 14.501269273739462, 13.77542042133651, 12.83500665020592, 11.883236665127988, 11.239236594516619, 10.53569862073698, 9.866765741572491, 9.295678313227441, 8.70268263490665, 7.9997402276933665, 7.404569100346327, 6.885578954660013, 6.540445689889054, 6.115776908044484, 5.705540413587073, 5.338088236884361, 4.994910438017599, 4.660072777793466, 4.384775018445418, 4.166457115229457, 3.893641782142569, 3.6227112094308147, 3.400790172614781, 3.18162648359452, 2.99166152010013, 2.764023186288544, 2.554420880712785, 2.379883668930969]","[-0.5034854562940912, -0.5042133088395714, -0.49218319960488466, -0.5150235549311953, -0.5002749156942206, -0.47565872492522815, -0.49520296357138477, -0.49610998182580446, -0.5067563889803867, -0.5064595486144851, -0.5133719377062328, -0.4994618407209519, -0.4904627006461166, -0.4728987924277715, -0.49559314542828437, -0.5032741687908636, -0.4942340383079675, -0.48564015259802296, -0.5039642267757432, -0.5003129975819581, -0.5040166558960748, -0.5041861870029889, -0.49747222389993895, -0.4961816713453996, -0.49705077033884437, -0.4962144435397345, -0.5027386840738299, -0.5023865921733744, -0.506509943049867, -0.5015462239188326]","[10.0970501196786, 9.118316504009268, 8.62692497467796, 8.159282853280246, 7.665674513073509, 7.150574461176057, 6.680879015283033, 6.316147675312439, 5.862387971480757, 5.503342903106468, 5.205992224423979, 4.795801557011902, 4.440884368155711, 4.134617898796337, 3.8876165694684603, 3.6747476341923373, 3.3773771915403574, 3.222900588074972, 2.9689071220284458, 2.7901979021141283, 2.588975974029988, 2.4668745763399706, 2.336856505060951, 2.1617837697655395, 2.025955521207186, 1.9041709915129974, 1.773518102438123, 1.6773625432995323, 1.5102703198596423, 1.432605364637679, 1.313170155096219]",,,16.667453746844373,10.0970501196786,7.455950167170517,-0.49876284798346837,32,2,118,3,synthetic
"[16.130021242776643, 14.006055769260158, 12.663139250089511, 11.62513936316296, 10.200723801371355, 9.134496873929798, 8.188130582572516, 7.417941699008553, 6.586806875663302, 5.846716972369827, 5.188108994137791, 4.746176751302815, 4.250568251037574, 3.74925220236116, 3.3513097607084856, 3.028892727911202, 2.676261442981434, 2.3948228271836305, 2.1739891232060455, 1.9457446151250872, 1.7191367115741876, 1.53758706977322, 1.3688057521199704, 1.2540984758185807, 1.1291166343696284, 1.0038767448439376, 0.8778250356973113, 0.7786428244307226, 0.7245099953455024, 0.6448299705925677]","[-0.5116635845726316, -0.48087349853780914, -0.48896987302920547, -0.5118516985709941, -0.4837073356820612, -0.5035380834617277, -0.490598941365794, -0.505534148266219, -0.4821848910922977, -0.4942623754163117, -0.4763924899673137, -0.5098353138831866, -0.5073502954695293, -0.49948407960552005, -0.4866733811155334, -0.495700304742189, -0.488118942869705, -0.49471638740319623, -0.5021119085931324, -0.5039011262433366, -0.48520655972036136, -0.49788476757401906, -0.4838963311686132, -0.5066633027522579, -0.5057161856075882, -0.5123991397628058, -0.4971963847261103, -0.4761762922283801, -0.5271155398298102, -0.502453471782278]","[9.881298585549251, 8.659042108179282, 7.605917002904979, 7.066878490824174, 6.296795564046745, 5.538019697709019, 4.992506781002476, 4.487504924355794, 4.058706714102323, 3.5875861882614597, 3.1722531290881566, 2.8633623008863265, 2.5970635239097186, 2.2960636647381403, 2.0312405955847543, 1.8544356059449072, 1.6459593644614898, 1.454602431543577, 1.3143840542960443, 1.1931864183898977, 1.0491239210023113, 0.9448817088819602, 0.8305913892142772, 0.7579449174309424, 0.6863770771119171, 0.6142815852996217, 0.5393496900347268, 0.47452830146279534, 0.4314335000465759, 0.39748275989176035, 0.3459021972769703]",21.0,21.0,16.130021242776643,9.881298585549251,4.87809094469085,-0.4970725545013306,32,2,124,4,synthetic
"[16.307115975283676, 14.878124896617027, 13.559818064698561, 12.408273772543641, 11.385883944447363, 10.242285841343094, 9.54988812170147, 8.675664229687177, 7.804725355720579, 7.202781826532669, 6.63254050595463, 5.983456937821647, 5.495749681146332, 5.04591991081475, 4.555023639257409, 4.108512527876609, 3.7951846894798202, 3.474240923167311, 3.1271512293309116, 2.908287999514859, 2.664767471196072, 2.387305785153129, 2.194306959553563, 2.0234599602397534, 1.8290241978621196, 1.680889268506057, 1.531526215842623, 1.3982266555164256, 1.2782803307325428, 1.1627094077210713]","[-0.4993772194788184, -0.49963547601956715, -0.5063360903843969, -0.5020790727976606, -0.5019631805401588, -0.4779979677494865, -0.5109637435118747, -0.5027190090640007, -0.48187105869713126, -0.48753173749476914, -0.49636380025794596, -0.4787774847723851, -0.49635436879116795, -0.5079307127760608, -0.5045073684130489, -0.4891318087311224, -0.5039841843665506, -0.511574731238144, -0.478956461831392, -0.5022169551691883, -0.5048524145717477, -0.48438970925015346, -0.5024453814254853, -0.5100697129015912, -0.4847059620074666, -0.5163130104045113, -0.5099049018806179, -0.49381611278087123, -0.5091255923711465, -0.5088958916407063]","[9.88307421396153, 8.942833621496435, 8.234155991354983, 7.3828052898027385, 6.93277120255504, 6.199126391138635, 5.711830275754163, 5.2725071224061875, 4.731377896255588, 4.332635301910078, 4.017151120073893, 3.6477512358695274, 3.3078235984557542, 3.044003456842137, 2.7649948697247746, 2.4843383525538525, 2.2754719499284732, 2.0998592982628947, 1.8947584188402837, 1.7406121508915686, 1.6143231126552744, 1.4563842379707523, 1.3134144743428906, 1.2176907701402033, 1.110191039447735, 1.0118432785182114, 0.9178821071412417, 0.8442629177386928, 0.7730777631909543, 0.6978582745638305, 0.6403573579388816]",26.0,26.0,16.307115975283676,9.88307421396153,5.84303754417543,-0.49882637071063907,32,2,165,5,synthetic
"[16.680426900421402, 15.417804143983318, 14.440535820870846, 13.206039601041036, 12.082885896894307, 11.360355726343515, 10.522286959405708, 9.635928136082786, 8.921988343727222, 8.250461269724422, 7.6069073965114695, 7.217273662567027, 6.678215288319662, 6.143828001111134, 5.707808060658574, 5.230132197225555, 4.91945082773813, 4.549248886655216, 4.160787370849561, 3.877205081072791, 3.5684845542462345, 3.300261903693525, 3.034708011338032, 2.758177170301789, 2.5904088233346645, 2.4141450044649293, 2.2337222673692256, 2.0750911373494603, 1.9036174767991598, 1.7733111867591254]","[-0.4997797817640724, -0.4828352173165705, -0.49132352683693264, -0.48802068691430756, -0.4766958529008217, -0.5030388404070635, -0.5027597970554166, -0.4957995870476407, -0.5019493983763234, -0.49840444187826183, -0.4887760360591172, -0.5161015967284922, -0.4940729868736332, -0.49875127327854824, -0.5137836937443786, -0.48538451635728497, -0.5096465953580037, -0.5080862297895862, -0.48087939955314224, -0.5003338645303514, -0.4987005712196077, -0.498704395768138, -0.5026652989822246, -0.47164248939684245, -0.49498255198780944, -0.5007774537268836, -0.49744664687873535, -0.5109624351159967, -0.48939102839245796, -0.4979252896355668]","[10.054016760498762, 9.202009496805163, 8.701238687314936, 8.01691475948765, 7.287382959306556, 6.771032073903975, 6.3310671360409, 5.8040757644377, 5.3348158788917175, 4.958439441557728, 4.570804643379588, 4.243861853026877, 4.044792781155756, 3.678892067910158, 3.4167246029938703, 3.1421641257322572, 2.925369543762397, 2.735915227159766, 2.5012888392098236, 2.3330659836310272, 2.1420897594845703, 1.9791499519090916, 1.8323658137458594, 1.667417812700677, 1.5471823253310235, 1.4484295525016693, 1.3377314336035613, 1.2431655825188586, 1.1435626718228677, 1.0618411338620908, 0.9867586824300228]",,30.0,16.680426900421402,10.054016760498762,6.742049903561993,-0.49665404946247366,32,2,123,6,synthetic
"[16.599588632024044, 15.653903484374082, 14.624287305710736, 13.65574969202557, 12.703245275078409, 11.857530234316396, 11.186598247920866, 10.442310762326677, 9.854543066039025, 9.138162519358913, 8.57651513301578, 7.980259396909756, 7.477218269522228, 7.056109376471262, 6.642376723427488, 6.219730850561639, 5.813942976706622, 5.413057866064561, 5.038281528161055, 4.653644795501271, 4.358482152379929, 4.077550686598445, 3.836109237562815, 3.613908725264699, 3.367736388441782, 3.166606005547562, 2.9318918803301486, 2.763679426305023, 2.551931228499391, 2.387106486295984]","[-0.5010077185476006, -0.5049133152848353, -0.4989832389429835, -0.4982661941743169, -0.48298415074982215, -0.49391779294927596, -0.5097129917176755, -0.48716840438540265, -0.5083881756459129, -0.4822900136123851, -0.5085446371895971, -0.5037753233047799, -0.4918220948143042, -0.5008076806666167, -0.5069721829941697, -0.515261267920433, -0.516974743713885, -0.499204609367205, -0.49696924782148383, -0.4816523579497281, -0.5008553398969432, -0.4957915423006998, -0.48207915495333037, -0.49834243838223585, -0.49196561887923496, -0.5047895420128286, -0.4912234064815977, -0.515656294759646, -0.48559916836652245, -0.4898306199444196]","[9.888891531147307, 9.268892261651088, 8.774923134939778, 8.11314214164152, 7.662121402665332, 7.086317879823127, 6.63086109474323, 6.242791100321719, 5.864823147966949, 5.480417085778308, 5.13227798150764, 4.740408572579314, 4.461431409679511, 4.194749853971059, 3.949522845250262, 3.701352891581648, 3.442818676236777, 3.2318160467610957, 3.0190936747073605, 2.8031535003531296, 2.6022756874529414, 2.4280281288098524, 2.286221862779546, 2.169501281428932, 2.004699560401872, 1.8939483695332706, 1.7558499188512704, 1.6388675312226622, 1.535289602468994, 1.4249626983250645, 1.340378895755469]",,,16.599588632024044,9.888891531147307,7.454735278424739,-0.4981916422576624,32,2,124,7,synthetic
"[15.90486676013476, 14.176391393532997, 12.679498534151092, 11.41881218894263, 10.29782089187082, 9.310291197849523, 8.257240317472341, 7.317629297183958, 6.522971438774716, 5.8894367084176915, 5.271869445504779, 4.678478554267351, 4.189936808309248, 3.7721188486404533, 3.3525330750740734, 3.025241790340519, 2.704976203593786, 2.4075389143681183, 2.152060618709511, 1.9460607017343532, 1.7309983915231808, 1.5589501746698537, 1.407066771657381, 1.2648706607099771, 1.1110497779507238, 0.9848073481727658, 0.8914425072524079, 0.7924821187828903, 0.7069366203269095, 0.6344983589124724]","[-0.500175039247999, -0.4961334498686667, -0.4884051220657797, -0.4950963892552221, -0.4944469533899075, -0.5018202211796117, -0.4829876562310328, -0.48372201172503904, -0.48767051356926855, -0.49327578753411666, -0.4989854081049277, -0.4919291751807649, -0.4974691570693987, -0.5038216455411325, -0.48690200127534244, -0.4988697741193064, -0.4923256628761963, -0.49232461534238703, -0.48641275741780415, -0.5046921806602843, -0.4892516875113871, -0.5105509534786179, -0.5026416016447034, -0.5108274559478356, -0.49660876609907995, -0.4828546017346714, -0.5020167806535366, -0.4925476774639753, -0.4979825003768549, -0.4936598175732569]","[9.693893597033547, 8.660707167796538, 7.720840669921092, 6.970515889404284, 6.229372855814723, 5.679301133679862, 5.058835609969966, 4.5251586284134016, 3.96429200033126, 3.595842978837441, 3.216401977198301, 2.869790343232385, 2.543700224988787, 2.2963888485303263, 2.051465252517154, 1.8346326024014894, 1.6584472836251472, 1.471104079087032, 1.3145256652567405, 1.1805490908776217, 1.0620311810636276, 0.942736599268633, 0.8503145890009817, 0.7723780516402265, 0.6820172407423644, 0.6015164149137044, 0.5416498547221261, 0.4865180504326833, 0.4302563796259145, 0.3861948829395152, 0.34767134491214013]",21.0,21.0,15.90486676013476,9.693893597033547,4.878629213961043,-0.4952135788046034,32,2,170,8,synthetic
"[16.175558740971645, 14.758803545227902, 13.57405189478487, 12.459636818309207, 11.419513976538344, 10.450912503467212, 9.476349180145144, 8.629283855062504, 7.861979251472718, 7.17647512974066, 6.547527024021211, 5.914271493538871, 5.411633320688487, 4.9838452457630655, 4.581101588619872, 4.151787958181416, 3.760847607834393, 3.426693356538893, 3.198635146560759, 2.9281625207206443, 2.618115584145655, 2.3934330450609624, 2.1835729266011503, 1.9915978297553767, 1.8353079328880533, 1.685430025427191, 1.5247986133596216, 1.3978219206926816, 1.2807411017991535, 1.1735651213867235]","[-0.4874519381595773, -0.49972384436566564, -0.4974571354858167, -0.5019869173155693, -0.5073591639194733, -0.5034019752305086, -0.49089885520930593, -0.49681882211184436, -0.4965487321096586, -0.49388739482875965, -0.5043747433984497, -0.49000467509850537, -0.49981473438495744, -0.5032925341634451, -0.5071129641623646, -0.49381943415431634, -0.494606673385812, -0.4805852358497538, -0.49843192560010313, -0.5111934599611434, -0.48586975930309034, -0.4906890544713471, -0.4955037626119816, -0.4981700268572719, -0.502446381656963, -0.506049677816778, -0.4967445999068576, -0.5055677836239878, -0.48922082733821876, -0.49935756404220777]","[9.863308446257948, 8.884431728523108, 8.153912419878514, 7.529179817742893, 6.84302041928938, 6.307304986509696, 5.742333686525209, 5.229263901750482, 4.741548615967451, 4.344222795217344, 3.9563229883220052, 3.5901833573669983, 3.259159511445437, 2.988081245760592, 2.7589529279377865, 2.5165285962752724, 2.2855688853312017, 2.0629862917206108, 1.918760216774357, 1.77571067508958, 1.5912609443638341, 1.4450004769145859, 1.326449470710282, 1.1976015985159982, 1.1028480130632423, 1.0140401957894907, 0.927582809542724, 0.8341844444952475, 0.7765554819257582, 0.7071019782798511, 0.6478723995559718]",26.0,26.0,16.175558740971645,9.863308446257948,5.832381808643478,-0.4976130198841245,32,2,176,9,synthetic
"[16.22613650228756, 15.320894718024018, 14.322768330915766, 13.319927884517911, 12.198623739310168, 11.273678740337958, 10.507735612964497, 9.552176671403334, 8.88630840127148, 8.276240677448856, 7.613119113921824, 7.188180357536558, 6.625128192591669, 6.102134806497118, 5.696615278495202, 5.227922243150925, 4.86442149991998, 4.4992045350961245, 4.1981775681381475, 3.857950370581342, 3.548889698066237, 3.302153078289658, 3.01048418873482, 2.7985221522401207, 2.596517873324342, 2.381408566975654, 2.2476606239379175, 2.084846178333955, 1.9260000096561656, 1.783266349039789]","[-0.47907671171022936, -0.5015175311165372, -0.5004341441926042, -0.5176680588091171, -0.49845454234794295, -0.49800819483015724, -0.5042807664078051, -0.4815452371222868, -0.4980851568197615, -0.5089042998426814, -0.48823371790399755, -0.5078228406831214, -0.49738969795680155, -0.483437469255527, -0.5087188808650084, -0.49165124588166426, -0.506723984479457, -0.5020538760779988, -0.5104855967944434, -0.5018402053725931, -0.49522171309189533, -0.5125406013153749, -0.4912277296899782, -0.5010179282151843, -0.5054857161077444, -0.4804413571359837, -0.5021028539343101, -0.498802524184166, -0.5028870426186443, -0.49544680719233647]","[9.789915912937625, 9.073682697417805, 8.606370367138544, 7.925071516541829, 7.362376635126233, 6.7258302316621235, 6.298191762286055, 5.814639673045715, 5.279227531707138, 4.986959500180584, 4.537936772961716, 4.286385923457351, 3.9905245392865605, 3.6638399191697943, 3.420063737312969, 3.1367944848948004, 2.9153800822380727, 2.6875059208093384, 2.5030888964997966, 2.3266495258641595, 2.1238656533786844, 1.9797273103570974, 1.8162971513042747, 1.669059206113451, 1.5606956624114234, 1.431115883352693, 1.3362318495319983, 1.2569238026751055, 1.1506261235465942, 1.0707145966099454, 0.9910369851720017]",,,16.22613650228756,9.789915912937625,6.714569798766971,-0.49905021439851177,32,3,160,10,synthetic
"[16.54829429142934, 15.4341653262021, 14.477265808089179, 13.70663785558171, 12.715533224051487, 11.807334418944103, 11.110528823273162, 10.39406938586145, 9.75070635349238, 9.020575162092626, 8.464484702665747, 8.028209003695991, 7.424047182825582, 6.994159459136048, 6.584661729388713, 6.183492476535408, 5.801658609515013, 5.354804587909368, 5.004247441467662, 4.679344702149643, 4.351495079227821, 4.12164585842937, 3.828369730707017, 3.5699482185454166, 3.362781063801491, 3.1857969864390303, 2.9944791735392844, 2.7514948868354967, 2.5916574366480987, 2.4551281839074837]","[-0.4972225827178281, -0.4872297204335791, -0.48544275306260015, -0.5103644575492964, -0.49231989031874424, -0.4824927173981411, -0.49568602896581304, -0.4896003125203278, -0.5009576196184433, -0.4877722412547299, -0.4770508060418827, -0.5057225127716515, -0.4926610328433545, -0.49748748286289424, -0.5067117170623708, -0.4980081228684983, -0.5063140979413672, -0.4884594598789935, -0.49629046807432753, -0.5002216860693873, -0.4830193085413701, -0.5123378979246138, -0.5003332172989977, -0.49177029207626066, -0.5018381022174524, -0.5059026513483483, -0.5074413909707615, -0.4965257357500823, -0.5034856187120754, -0.5085496330971211]","[9.876634951472454, 9.245911957930186, 8.64884424835306, 8.147180012422085, 7.622656556585049, 7.09448568009062, 6.616813217773198, 6.229035409969643, 5.81235553416145, 5.441162854097205, 5.014621495215572, 4.834376699905521, 4.415048366148428, 4.177434792746455, 3.9039444572527864, 3.681345166844339, 3.462357681795899, 3.221341155846147, 2.9842218041792052, 2.800360177290838, 2.6012601858805886, 2.4513226274536075, 2.287578754986587, 2.131634664008209, 2.001240701489614, 1.8787461325743389, 1.792345155576935, 1.6559553399596298, 1.5239616232261044, 1.4649633671455842, 1.3613104732443175]",,,16.54829429142934,9.876634951472454,7.423233905412908,-0.49697398527304376,32,3,151,11,synthetic
"[15.908288242614688, 14.294675553007869, 12.742722288625696, 11.36350540575709, 10.271325484161203, 9.327511602756022, 8.200637986515526, 7.206439286961695, 6.537664374004517, 5.927870746620837, 5.322807798838185, 4.733901019385816, 4.19018787012403, 3.7779605483974987, 3.4258646080313255, 3.0285992715175385, 2.702441967900807, 2.4639578133508078, 2.1802630235748386, 1.94935334861539, 1.7399637865516724, 1.5454118473422311, 1.3754703597149636, 1.2355307672339024, 1.1098193354143517, 0.9824735883202041, 0.8679213275253305, 0.7901778118780177, 0.710831049194773, 0.6450450737333451]","[-0.4853228838561541, -0.49890332978466617, -0.4936145440020456, -0.4919098550601214, -0.5009035519632223, -0.5205972951436458, -0.49867321317716556, -0.4813289830581678, -0.4961635631516467, -0.5051439385753292, -0.5045103788613036, -0.4958787129037504, -0.4937351365737235, -0.49927405854857615, -0.5160094853037329, -0.5045011941162052, -0.48704715077850697, -0.5116201049351616, -0.49429468336857696, -0.49715619891389556, -0.5012458529000977, -0.4966233750888656, -0.48840773162959783, -0.4817232287327235, -0.478198574067816, -0.4809832935816794, -0.46984345461335836, -0.506444519856002, -0.49232893569178987, -0.49320211585660795]","[9.741624407985459, 8.708192796567191, 7.795478767864775, 6.941583767130468, 6.2084321387278605, 5.6438314412895965, 5.048227756387131, 4.418234193763808, 3.9507522503897885, 3.6053059877512954, 3.224411920580367, 2.90996361060363, 2.5600283432214925, 2.285892286983022, 2.0758887083489146, 1.8570733058944027, 1.6324360877207555, 1.5006806993719857, 1.3318713734215561, 1.1891134723302483, 1.0627522122824826, 0.9443919880401503, 0.8411032576679152, 0.7524792667986728, 0.6823615091851227, 0.6078028798249674, 0.5330626018931625, 0.47883127240344714, 0.43122588330352823, 0.39134924426129486, 0.35487570145380243]",21.0,21.0,15.908288242614688,9.741624407985459,4.885287439589006,-0.4955196448031378,32,3,216,12,synthetic
"[16.28869040210479, 14.77091841398847, 13.608324407013352, 12.46840228574331, 11.203514859722283, 10.202389165221339, 9.464688991061687, 8.618640506233664, 7.977226760717954, 7.264686621632566, 6.631144156840072, 5.9129393649373725, 5.470807574759892, 4.993241820900619, 4.564654300500733, 4.162934329456565, 3.846897026419573, 3.5199820541031714, 3.177121559109387, 2.905184592970359, 2.6276963762021586, 2.3972969287098422, 2.1949182975782264, 2.029866869779082, 1.8230198465166727, 1.641771173102771, 1.5288650106610975, 1.4066393487380293, 1.28091828464376, 1.1661996515544166]","[-0.4892428776849638, -0.49062962645435865, -0.49547008493032535, -0.5031110841893354, -0.4931317080830043, -0.4800208462356865, -0.49566175011323854, -0.4864453995075453, -0.513986175118843, -0.4972805202912725, -0.5236749070880587, -0.4805000661777768, -0.5059565855115159, -0.4986301188576848, -0.5000857573298049, -0.4957775942843194, -0.5125087210493521, -0.5129120296191939, -0.48391719946895684, -0.49382423204670306, -0.48696731272395766, -0.48850603287636507, -0.4877505759599193, -0.5156646104613554, -0.49374071895036015, -0.46513802234460233, -0.4918954134613185, -0.49627681806799284, -0.49625472345109456, -0.4959681421441658]","[9.951716658713288, 8.914881227376002, 8.189373670717144, 7.5434743331759675, 6.833088560827067, 6.1268043345970895, 5.730825953640088, 5.20970981934227, 4.784384606978697, 4.381434878464436, 4.011987653868659, 3.5814635296241235, 3.288841582929042, 3.013829187891506, 2.752524004688957, 2.5163707329196603, 2.2956455361363686, 2.1269250992491924, 1.9184900324506682, 1.7689057278746478, 1.5910449002550622, 1.455383324259779, 1.3223493023381612, 1.2218531692914263, 1.1090189701150546, 0.9994644340120719, 0.9180807672439465, 0.8516647332629957, 0.7739772253560029, 0.7064310869335237, 0.6414663422920183]",26.0,26.0,16.28869040210479,9.951716658713288,5.838319366030773,-0.49569765514943576,32,3,215,13,synthetic
"[16.45655886450212, 15.134599024645079, 14.211504297596425, 13.005102225009463, 12.100218126771088, 11.329115007409586, 10.406616236854083, 9.675518959427226, 8.988428678523391, 8.18551456410202, 7.542582297922053, 7.077998636159776, 6.646847668474652, 6.166381319341535, 5.672625584413197, 5.22292788259459, 4.888630746947169, 4.447971814453997, 4.108072450174061, 3.8273055559285543, 3.513124023731544, 3.2451762616451854, 3.0446131606159637, 2.812868305056087, 2.589405213318497, 2.407736128104031, 2.2223846369535063, 2.0395585829310505, 1.9011475762920356, 1.7815534916395184]","[-0.49452970970090687, -0.4822418723667685, -0.5072323580384004, -0.49073431167774656, -0.5010553327821476, -0.5075130620463257, -0.48613198156328585, -0.4926605102027859, -0.5018980197551092, -0.49683248470844693, -0.48480223130306427, -0.5004025473980886, -0.5196083209610756, -0.5127101660471209, -0.5043475643675717, -0.49613935977644125, -0.5160680493813199, -0.49356611956531754, -0.5026460176821227, -0.49498868572701993, -0.493927532192311, -0.48801457988419195, -0.504328388646349, -0.5062327127631686, -0.4957529075288048, -0.5115490842153575, -0.49952699776364196, -0.49053363625939417, -0.49562347195639034, -0.5025035314878726]","[9.984731039013903, 9.044557412823277, 8.533148001209364, 7.832563300324996, 7.226871640665649, 6.737494234631473, 6.309306981094236, 5.75881442493693, 5.439398044833174, 4.928816568822728, 4.530173559009453, 4.221825141735607, 3.9485253676568135, 3.675367527974653, 3.413420977140536, 3.1251983100681078, 2.912230560534857, 2.701417155598048, 2.4435175426694347, 2.2951286373662905, 2.1306314671271744, 1.932576133706263, 1.8292029053857928, 1.68031166860133, 1.5602528558282114, 1.4330658727108072, 1.3359565653501109, 1.2299055115715698, 1.1319463355859491, 1.0661876709067941, 0.9887757984559631]",,30.0,16.45655886450212,9.984731039013903,6.688402910717916,-0.499136718258285,32,3,214,14,synthetic
"[16.767779467397855, 15.655622309540592, 14.822178815872558, 13.632422507960156, 12.715484164416047, 11.90374890669708, 11.161254105260058, 10.396957142271962, 9.69876870044312, 9.159990101183443, 8.526213927332497, 7.980146452894446, 7.436019595157199, 6.948371817310149, 6.537400243508243, 6.101191487222691, 5.7780930164154904, 5.371481472965504, 5.06705029948646, 4.745787855547734, 4.427921875098034, 4.115884089938102, 3.8112388263353862, 3.5859289386692947, 3.3423234817785934, 3.0959295771215305, 2.9049316969500905, 2.7739420041955607, 2.6101419164703574, 2.3664803788498983]","[-0.5143924642157175, -0.49154246715050565, -0.5209086999374557, -0.5026400889816397, -0.5019183026027876, -0.4986322080234153, -0.4971192358170539, -0.4936043443959023, -0.4907970719377831, -0.5016891522190953, -0.4911347666658596, -0.4943532969774566, -0.49063709491291435, -0.49211643570923397, -0.5012552730087266, -0.4835009078441719, -0.509404850422644, -0.48820605183843413, -0.5027888503201816, -0.5085077288034229, -0.5073308916939052, -0.49361006312510525, -0.4851347986690855, -0.4964434218400611, -0.4864915806023276, -0.4865928257272892, -0.4944054469435113, -0.5194057675822611, -0.5204652257791376, -0.4780345916870347]","[9.970573909348367, 9.295169466444044, 8.831545361400236, 8.161418100691431, 7.562335870935421, 7.1085336134872605, 6.640336096050824, 6.258060886802035, 5.769625347319501, 5.462629158603584, 5.106474879862827, 4.765968206348936, 4.464438162506085, 4.146860775518273, 3.8962667601694205, 3.6479587829937348, 3.4350444791560273, 3.2149201618299283, 3.010911552854576, 2.8336937375407842, 2.6295526596829384, 2.470107996651125, 2.2915257655302415, 2.130264323154422, 2.014786124235293, 1.8610396398109865, 1.7290786462707042, 1.6310365323111495, 1.551198561766124, 1.4417503860517265, 1.3099409827585358]",,,16.767779467397855,9.970573909348367,7.448022839143004,-0.49810213018113736,32,3,154,15,synthetic
"[16.044368222110446, 14.419659204867488, 12.869891036558084, 11.40615334537186, 10.35495503485372, 9.29452300943368, 8.237843819876526, 7.224524741539187, 6.458678232875809, 5.853341179657145, 5.292427395328736, 4.762733258387057, 4.1866097151416355, 3.7597452319219706, 3.404488761118612, 3.1008165883260514, 2.763027987438543, 2.4700478271828055, 2.1845252219052735, 1.9299599309377344, 1.7321726343658652, 1.5406652240264327, 1.3824082307154812, 1.231420270782074, 1.0963306732918758, 0.9875765788956286, 0.8785149676852609, 0.7821137785912682, 0.7149081819117312, 0.6471102994712478]","[-0.5057831729525477, -0.5079324075435319, -0.5128374495161312, -0.4837916745758017, -0.510947068426611, -0.5051278487604444, -0.4974104388115808, -0.48509116545752706, -0.49369401324755285, -0.49725185440493275, -0.4959578297484825, -0.5184943766935616, -0.4892371829485312, -0.5016518268172575, -0.5006976561123375, -0.5147950847744096, -0.5065749477374936, -0.5106768370452553, -0.494213790892354, -0.4899727434148122, -0.49978830826871057, -0.4903367914836467, -0.4964648640978107, -0.4912531497063575, -0.4913350551963159, -0.49138333573678317, -0.4811476662618463, -0.4814700530780038, -0.506325121312635, -0.5067978748516]","[9.703615674322945, 8.779635523372017, 7.817808960413255, 6.972090166386416, 6.263748988196734, 5.644519658450582, 5.06440837776081, 4.449385918690368, 3.9289430036134805, 3.5412121836320867, 3.221303674974323, 2.895187320027682, 2.567637245247577, 2.281179409744535, 2.055870224550768, 1.8729646083313896, 1.688491549343864, 1.49304327627268, 1.3478234497804196, 1.1775868322723038, 1.0573177028045229, 0.9418523225512349, 0.8419564713977481, 0.7554066172383427, 0.6698022312682654, 0.5991326982004532, 0.5440597237728205, 0.4760024439738507, 0.43236841934346015, 0.3910619776073521, 0.35417037620287006]",21.0,21.0,16.044368222110446,9.703615674322945,4.900384686152308,-0.49861471966249554,32,3,210,16,synthetic
"[16.179080348046554, 14.954237515572553, 13.301655140590988, 12.200231604963912, 11.275752044586413, 10.268629436966371, 9.403047574244193, 8.663776158404797, 7.817595476797402, 7.121127930558217, 6.557230704137403, 6.038842907444471, 5.439448686143756, 5.025962800918543, 4.564096489854068, 4.194487771134724, 3.8017070244191924, 3.4674212731980196, 3.1567176042845646, 2.9105936135291923, 2.654882814627999, 2.418104976163228, 2.2012181465076806, 2.0198148706028247, 1.8176791051098202, 1.6737317638564393, 1.5516414430840249, 1.4264446117116807, 1.2771596459632812, 1.1712371579149201]","[-0.48695593904010315, -0.5242218607341396, -0.4754766074406649, -0.4957490333904937, -0.4942017567829538, -0.48608851212754167, -0.5005251162354838, -0.5099982448424832, -0.4947392578604494, -0.4943074661736113, -0.4947500456702186, -0.5118225644174785, -0.4796212813273882, -0.5169015180141887, -0.49205754210154723, -0.5028586817570679, -0.4916360017309182, -0.5047068931731936, -0.4878350987433962, -0.5005274895976212, -0.485463831976442, -0.5001241074522716, -0.49709405558032094, -0.5100940714028224, -0.48745638952745085, -0.49894462248462257, -0.507687263847554, -0.5131312671947097, -0.4837727005521718, -0.4942481510250628]","[9.782914628099936, 8.974836916944772, 8.148859867630067, 7.3299861679161555, 6.773937592770078, 6.2680969514416045, 5.638713132837525, 5.214329405129848, 4.753099992631294, 4.285668420534532, 3.9504407728712674, 3.6322255416472506, 3.3111139359482555, 3.010411093013364, 2.758903039904862, 2.5234844057236274, 2.3137808384030607, 2.0863396959687126, 1.9099451662530933, 1.748767583981291, 1.6105594253352842, 1.4688691319980367, 1.3219134875209715, 1.221636010845061, 1.1018355255151078, 1.005105794515494, 0.9277155922698391, 0.8589602150978681, 0.7803878129965691, 0.7016641784309614, 0.6530695086342546]",26.0,26.0,16.179080348046554,9.782914628099936,5.818451888044575,-0.4974332457401457,32,3,156,17,synthetic
"[16.390765642815474, 15.115238351524336, 14.031423758140486, 13.033533065879952, 12.20884922441009, 11.144462825752738, 10.21535281103418, 9.556002776049302, 9.073462259990734, 8.421328631576118, 7.686459251980225, 7.076494867499826, 6.448892600218895, 6.006654209252271, 5.619242225747199, 5.1110813914672235, 4.76632368582651, 4.428714024840965, 4.093124142648255, 3.765971585314374, 3.507878701807832, 3.2587755232209035, 3.0329845119906125, 2.8359881325842, 2.6295488786065015, 2.434678700063922, 2.1998172664552955, 2.006530513832813, 1.877198752463849, 1.7672746566980824]","[-0.4810524518672183, -0.486821382765544, -0.4885255487078866, -0.49006367660852723, -0.5113188246092695, -0.4886086221815525, -0.4873287431100784, -0.4892213122797823, -0.5114982473451487, -0.5118518671821253, -0.49763010536321844, -0.500354589111415, -0.4796766430815846, -0.49369588905005124, -0.5099405869026933, -0.476992405432147, -0.5016413808493279, -0.4961724898852976, -0.5043972833746887, -0.49351959076064245, -0.5035180906313739, -0.5010728190361782, -0.49329645372632125, -0.5080776157318131, -0.5017387517820828, -0.5089510189898249, -0.48230913632012473, -0.4703781578623169, -0.48790090223101273, -0.5017531312959893]","[9.950855006491132, 9.089425163006485, 8.43714000248859, 7.823299690960986, 7.273193994243681, 6.768548754550806, 6.143922904972887, 5.699010066804694, 5.373530972656299, 5.062172912635444, 4.6204976591255145, 4.259621288190073, 3.9081272224395582, 3.5869578930941146, 3.362319345506937, 3.1031432324892454, 2.8423900727593594, 2.657243517622454, 2.461876656370385, 2.256064879496915, 2.1009928616756315, 1.9438064108478728, 1.817048571672106, 1.6922392808547038, 1.5729856189387017, 1.4609108508479522, 1.3412316594791966, 1.2128853837100364, 1.126706724395736, 1.0492160888648674, 0.9899800005751945]",,30.0,16.390765642815474,9.950855006491132,6.658135098989772,-0.4953102572691746,32,3,202,18,synthetic
"[16.4577267093326, 15.363478326048314, 14.617102902337237, 13.799571545736367, 12.804777373997872, 11.816184952215446, 11.060915025231644, 10.393248238869234, 9.81154751598125, 9.180012926277367, 8.506970173782259, 8.000966089976592, 7.633657197413622, 7.046934970328297, 6.515035097883691, 6.17269447951181, 5.746730419999547, 5.404363235999085, 5.059531210957057, 4.66448559876522, 4.342724313499144, 4.13775000223062, 3.8544219999921063, 3.574106227154427, 3.333252034022987, 3.111628109634456, 2.896673538271277, 2.7246444629879556, 2.556403435541097, 2.3913081565363346]","[-0.4822771385142528, -0.4891219794447482, -0.5032225141318653, -0.504068456278355, -0.499875805423741, -0.49397241795712205, -0.49304301208910106, -0.49597083760002075, -0.5061581989720427, -0.4996115747413282, -0.48954711573455967, -0.487338354264599, -0.5192551729397711, -0.5004699708411751, -0.49299133942316714, -0.5118047539349316, -0.4857168459273694, -0.49624592042284865, -0.5004506187601478, -0.4932464905377271, -0.48680121053155145, -0.5077708276790903, -0.49685098890253265, -0.4988078312738648, -0.49530310836099223, -0.500649265823569, -0.49295990814300583, -0.5030003989868698, -0.4881494818381927, -0.4910827070695438]","[9.95890279294505, 9.152168466131554, 8.650299609628293, 8.208059032663195, 7.70209560920195, 7.079833247127248, 6.588831816951138, 6.211041543119691, 5.803874185160037, 5.50101002486649, 5.097971900192345, 4.757421182776188, 4.519488084634533, 4.237628204375825, 3.8958060355287407, 3.6433097730053174, 3.4556205759911154, 3.2103915069767974, 3.0370436912922867, 2.802757926040798, 2.594123809349687, 2.4418362225951085, 2.3232158484714818, 2.1307691418532744, 1.997171395217212, 1.8569153997327417, 1.7346130431627782, 1.617357962378455, 1.5252018241460843, 1.437966956379945, 1.3308146683229458]",,,16.4577267093326,9.95890279294505,7.432628209017164,-0.4968588082182695,32,3,154,19,synthetic
"[15.986418625907968, 14.205862575486513, 12.81756620823935, 11.522928980695468, 10.381200534909466, 9.255596246524695, 8.335453638766278, 7.3664856077764815, 6.543540720177114, 5.927180727652406, 5.220966979861746, 4.699386063098513, 4.176782383331876, 3.773640023131804, 3.409748841970325, 3.0090262619314516, 2.7031432426139412, 2.404066300736376, 2.1592893237932245, 1.9347950876449271, 1.7502075534073858, 1.5656559045276404, 1.3814957275248787, 1.2392870202717323, 1.1135837503695707, 0.9993003270974948, 0.8990849118213028, 0.795253375315935, 0.7127442272342048, 0.630128773955672]","[-0.495366410297597, -0.48955626073902253, -0.5065655836041111, -0.4880873924517316, -0.4976764927699458, -0.48985783569239916, -0.5066261609045222, -0.5031233729427157, -0.49162986962665056, -0.5050421941958061, -0.48032774645471776, -0.4997627246690371, -0.48270276333135126, -0.49620001244184264, -0.5058022432327861, -0.4756416672110016, -0.5058948158030832, -0.4841543654782796, -0.49536806762217445, -0.494043610452578, -0.5005032501772826, -0.5146428740504232, -0.496637628545567, -0.5067219022007186, -0.5021454694479947, -0.5014751765600565, -0.510763477930666, -0.4866595668835105, -0.5023153934198821, -0.47766872633739926]","[9.766844627434502, 8.71108355325239, 7.740020035539811, 7.0224342575882766, 6.330075798038325, 5.660120892402587, 5.057843927892859, 4.541371426312936, 3.9490441658830746, 3.625602399356902, 3.202737492887257, 2.8624920952338297, 2.5615365921642557, 2.28673046842814, 2.074484904819909, 1.8531140688273622, 1.6478317127656368, 1.465625187671996, 1.3238796078996224, 1.1717472093118466, 1.065964139464733, 0.9536226809211269, 0.8444186550148601, 0.7516802377694344, 0.6754633946196311, 0.6089022581529338, 0.5438134084613887, 0.49020565400857885, 0.43154028948305395, 0.3904919434335422, 0.3420290176768747]",21.0,21.0,15.986418625907968,9.766844627434502,4.897327331525857,-0.49643210184916176,32,4,261,20,synthetic
"[16.34648956195201, 14.89394442569702, 13.565545580184724, 12.443752962149544, 11.369184409998772, 10.3907672249381, 9.487344943592792, 8.616621746204569, 7.721221754391953, 7.190039153280312, 6.601551972082386, 5.988724929972865, 5.510998915775597, 5.050974142038514, 4.587752321289467, 4.226584242128597, 3.8113767876275344, 3.5102464357655947, 3.1746397437809484, 2.924759963258399, 2.66483236763873, 2.4239097643181426, 2.2202883299692844, 2.0150080887154083, 1.82023968780203, 1.6680418649701365, 1.5349661009121645, 1.4017994957106865, 1.2800529215195504, 1.1568520424768627]","[-0.5037728947744152, -0.48773732664699226, -0.49047917717849465, -0.511332038685892, -0.5000919957934105, -0.5028209806633636, -0.5042849944539206, -0.5069203904127324, -0.487066521670022, -0.5133289101442821, -0.5006428944390701, -0.49475738480505277, -0.5087795782762181, -0.507450884330043, -0.48782407942568556, -0.5169037007077987, -0.49034866044827186, -0.508724857255247, -0.48541910257994686, -0.5056767718374551, -0.4930433864607617, -0.49914923348540124, -0.5149197409039901, -0.5147211806221226, -0.4994777545241877, -0.4993751644946299, -0.49425868837794334, -0.49347292041896385, -0.5075894828317401, -0.48942882685204264]","[9.818032719875692, 9.02811211667521, 8.234383514050194, 7.473408970296621, 6.836851908297077, 6.286909572610163, 5.6952163449801905, 5.2411055445928145, 4.680457758166713, 4.270693995818213, 3.99351030859767, 3.624702204802027, 3.3000257395835817, 3.043294694438722, 2.7725778584427503, 2.54485624624968, 2.3064486717104, 2.1072402927385987, 1.9330842015367866, 1.749028408894656, 1.6210229764646895, 1.4618252917546988, 1.336927787323262, 1.2132238897490633, 1.1013062584299247, 1.000077765809443, 0.9259359469355327, 0.8493327354741527, 0.7722376820716348, 0.7015615628149909, 0.6384793073766377]",26.0,26.0,16.34648956195201,9.818032719875692,5.85328372933809,-0.50065998411667,32,4,193,21,synthetic
"[16.448400966396903, 15.290034153012689, 14.21364139349307, 13.343410894298287, 12.368996297924422, 11.265473959506869, 10.401192350441823, 9.582031133587472, 9.015110557456707, 8.44184516995286, 7.734986505909048, 7.026660856532853, 6.479262575322174, 6.021156979167632, 5.578694133549638, 5.20461567308317, 4.8057208134522655, 4.444012929801143, 4.187765708831668, 3.8676029478917147, 3.5806575378758065, 3.2748566828112313, 3.0087039567611664, 2.795507761566135, 2.5677156363163967, 2.379647061223362, 2.237967098028338, 2.076562565390547, 1.9444311327412585, 1.7813077089826934]","[-0.49604522092592424, -0.4908230217647727, -0.4901315541506624, -0.5073727360953, -0.5136741891437946, -0.49348095577884976, -0.5097382439870921, -0.4942361145424028, -0.5074071692882026, -0.5221895906939992, -0.5159197169827507, -0.49184465679672357, -0.49586654076395287, -0.49546447778966196, -0.4903020828023182, -0.5024144799655792, -0.504381805538907, -0.4872905958987101, -0.5046179122226182, -0.5020263688939145, -0.5101324114578359, -0.4908742905594299, -0.4859685079360022, -0.4896788200720701, -0.48607293180859346, -0.498203783624097, -0.5033009251415227, -0.48922946678248086, -0.5078369118427656, -0.4996458838338386]","[9.812275400404426, 9.202496028411446, 8.502445218481379, 7.961267538176702, 7.405363920843966, 6.808437466375132, 6.22372298396986, 5.7446284484915155, 5.338549746080224, 5.04423273790942, 4.62947008208757, 4.252547280649624, 3.8803889450702624, 3.6099029422737607, 3.3516495090398406, 3.1094444434701454, 2.8942195547119662, 2.6450149452220604, 2.5077374157120826, 2.3192399462162823, 2.1425095046987517, 1.9771066098154324, 1.8147408839830144, 1.6748048040799077, 1.563679584702436, 1.4138200308278308, 1.335230168711102, 1.2455987273677762, 1.1603463984716007, 1.0785593823435262, 0.977735886162414]",,30.0,16.448400966396903,9.812275400404426,6.712265771376979,-0.49920571223615906,32,4,191,22,synthetic
"[16.45345574968676, 15.585467976096608, 14.681501339882457, 13.699528151342609, 12.6547305379194, 11.779715076427292, 11.129148582073633, 10.540903019813992, 9.830314742822774, 9.291462658066909, 8.631602223102265, 7.95810593910235, 7.574918398029134, 7.098380452032342, 6.551457130435627, 6.144269469491808, 5.814850255868158, 5.4739140853774995, 4.97672197741324, 4.655234874359512, 4.367987660599888, 4.1005344579561545, 3.891319052368571, 3.606373743735567, 3.305293287933792, 3.0864101052489263, 2.935116351338902, 2.778607393403774, 2.580874873453922, 2.3822377796935794]","[-0.4960944971341892, -0.5065319909102568, -0.5006568706214364, -0.4998459019830908, -0.4914591789300021, -0.4886180905681675, -0.49135309006375977, -0.5005546053425717, -0.48929249840183525, -0.5062224843544751, -0.5038196727559477, -0.48684036897689115, -0.5011754689316545, -0.507790782247143, -0.4971412829333825, -0.5001702259399946, -0.5089767183434019, -0.523854303498035, -0.47448458515087016, -0.49350957684379404, -0.500123937164212, -0.4856486637762695, -0.5025840866657574, -0.5010486546373689, -0.4767197382055854, -0.4909805662067568, -0.49694315533820277, -0.5048650798990497, -0.5071173121401933, -0.4902627504562774]","[9.80613217555412, 9.214363424833103, 8.741084945989016, 8.205121857611712, 7.610820273118444, 7.039586390134608, 6.6120587183811, 6.274467971366048, 5.892877449421288, 5.496560049502273, 5.208845115922753, 4.741788731192454, 4.4868008971949385, 4.255519768403646, 3.9174992891635605, 3.6531406989798407, 3.440183011847396, 3.253378146785246, 3.016285536259065, 2.778101873238855, 2.6080575544417135, 2.4344561088792, 2.3227940622882888, 2.1657392655602195, 1.9959362498770372, 1.8496687369807072, 1.7242224058098, 1.6682616083132442, 1.5340825582342295, 1.4385074791762287, 1.3203707750852247]",,,16.45345574968676,9.80613217555412,7.452014578169247,-0.4974895379473524,32,4,244,23,synthetic
"[16.158488599032214, 14.108973968246632, 12.77005947761753, 11.392120171179164, 10.209798354450939, 9.250364810330863, 8.320632980426618, 7.405728211819081, 6.6148654155439495, 5.93084271223768, 5.2771417912076535, 4.78816587949206, 4.258912337361013, 3.8282793536508017, 3.41215200942738, 2.994465761168734, 2.6887846479600577, 2.451359929831039, 2.178282171716227, 1.9501056954453821, 1.7254780526398064, 1.573623829561978, 1.3960003521170603, 1.235960889752525, 1.102378771438316, 1.0145230757171886, 0.8950606552945792, 0.7872566775259999, 0.7083462462966913, 0.6330982009859623]","[-0.4903539481064255, -0.4769645520618341, -0.5011771056569311, -0.4833384366173057, -0.4929048737373608, -0.5034862583406285, -0.5007051295442925, -0.5012251244702186, -0.5015632256138788, -0.5061711177350863, -0.4831109247225856, -0.5150180490493188, -0.4961943376586039, -0.5052502690783138, -0.5047326633956436, -0.4957596414874565, -0.48964537661757795, -0.5092379940347144, -0.48622053279247296, -0.4959868001937371, -0.46857965958640074, -0.5173837385196942, -0.5056985931405137, -0.5060504755990815, -0.47609449716582813, -0.5097827566053864, -0.4965303397643353, -0.48825216042061703, -0.487130998664668, -0.47249361419579705]","[10.038762519661496, 8.662425311123124, 7.746723583521295, 6.986574084488972, 6.234129605816063, 5.576901945910994, 5.088414484085557, 4.511399606253071, 4.032041853551054, 3.5980743763533773, 3.2330317185765813, 2.891771310674985, 2.6072998679920283, 2.31377202999321, 2.0972823570812054, 1.833621180897116, 1.6269070255485636, 1.4875378352893407, 1.3329961602419451, 1.1925510443560057, 1.060961375570695, 0.9515747011798296, 0.8542165495856424, 0.7536606105475675, 0.6698249739082899, 0.6129104364545934, 0.5542803914614574, 0.47953540414483403, 0.43267739154923357, 0.38836957452653903, 0.3490909864363241]",21.0,21.0,16.158488599032214,10.038762519661496,4.902041700982503,-0.4955681064858902,32,4,194,24,synthetic
"[16.321202793284602, 14.899161225467429, 13.564281841639508, 12.283906423115372, 11.326588162489964, 10.352067421358699, 9.439634390374671, 8.655515382073757, 7.877842567554384, 7.219917249923919, 6.494594088528358, 5.9764001751383455, 5.533609079476734, 4.980041995202819, 4.5194831441485634, 4.123603384090473, 3.822308592273385, 3.5307265070094243, 3.155115418518144, 2.8884256287237577, 2.6309307646293023, 2.417334192109809, 2.1630818020022953, 1.9946997514132376, 1.8143292359244634, 1.675364514066884, 1.5356350179319698, 1.4010208067040932, 1.2937952141865057, 1.1654140172505503]","[-0.49715080616357155, -0.49881025440379545, -0.5013077028172029, -0.48519871683479754, -0.49538587246834453, -0.4963572327543275, -0.49666931001930475, -0.5103045108072388, -0.49724303775370804, -0.505674945614992, -0.4875998789165226, -0.49600474728341315, -0.5114604321699402, -0.4923297297265051, -0.49432545359547336, -0.48148880835003954, -0.49165942565582516, -0.5060903985427307, -0.48471639057099536, -0.5036815010775559, -0.48521798631607105, -0.5086325472394635, -0.47024603874864856, -0.5073451299090018, -0.49008803440871057, -0.5021784674304048, -0.5044956422251877, -0.49715664794333597, -0.49400917838738095, -0.49439808750123265]","[9.86438804580453, 8.99287496939244, 8.212098283576896, 7.437394153024549, 6.812596048154872, 6.282767363480111, 5.680205031281634, 5.228726091071474, 4.727559548300983, 4.375069219886535, 3.942352698502535, 3.585232256999629, 3.3232557744062956, 3.040099202001709, 2.722133493315815, 2.504887882252777, 2.284520403704866, 2.1406262969555714, 1.9262005220742529, 1.7339648805727317, 1.5962769838048112, 1.455617390024662, 1.3267097572301214, 1.1949081508654213, 1.1021419121892373, 0.9989545027130523, 0.9338229018868797, 0.8358310938136749, 0.7831762988460701, 0.7132081117564835, 0.6342331732009411]",26.0,26.0,16.321202793284602,9.86438804580453,5.83520102622038,-0.49624089718785747,32,4,242,25,synthetic
"[16.651031543242656, 15.441098395954006, 14.24945882225027, 13.374766771011574, 12.358486441141919, 11.089609474709746, 10.273079917464662, 9.738021901418401, 9.053131192464372, 8.183762409608747, 7.614274906110216, 7.185688306018381, 6.541480008963437, 5.961770878298096, 5.58009083527375, 5.271548290500697, 4.810723700571131, 4.497298618738443, 4.141966476545789, 3.7933179392107887, 3.5511121124610114, 3.2992562699972994, 3.049155513714512, 2.859216347651168, 2.6132761994843277, 2.4088581667851985, 2.2206051066470907, 2.113274995502267, 1.9383903059689025, 1.7790260338417085]","[-0.5002178842720324, -0.5061745181706198, -0.5052536868015481, -0.5107195946458117, -0.5165517191416359, -0.48599997244851345, -0.4929699364242272, -0.5113668168917861, -0.4993750191575695, -0.47767313639847014, -0.495277099548523, -0.5122035812082804, -0.4823143816017126, -0.47700230547704164, -0.4933176292859011, -0.5156679976275628, -0.4814098595893409, -0.5138117651528298, -0.5085443566955351, -0.4926032986837731, -0.5060898296697564, -0.5050103142275651, -0.49934369161042397, -0.5253061502115525, -0.49596089502839635, -0.5109947321929956, -0.4866033704931543, -0.526382296769755, -0.5077520136699921, -0.5124392728148432]","[9.936372354345298, 9.285515934283724, 8.502089103893228, 7.919634958545046, 7.46717108567929, 6.718801269838759, 6.142084042521431, 5.745900814960643, 5.455013102098336, 4.997477851481936, 4.519192644963031, 4.285845396380414, 3.9760516591053756, 3.6194018840614177, 3.3156909257773877, 3.1412438295291256, 2.912896097041337, 2.675022739306735, 2.4932392772735876, 2.274290150686345, 2.1157223705788626, 1.9756641439349638, 1.8266824105370636, 1.6941163524761211, 1.5792933871868022, 1.4412666341112488, 1.32937378416071, 1.2458195766138023, 1.1728583914116364, 1.0586872664480762, 0.9866813592677954]",,30.0,16.651031543242656,9.936372354345298,6.72142592938502,-0.5018112375303716,32,4,192,26,synthetic
"[16.288792177141424, 15.486419522187722, 14.838314775367289, 13.743056412139316, 12.762536256844259, 11.94510412146695, 11.230099249590785, 10.385155082377844, 9.728725343733688, 9.160179523884612, 8.615164612548806, 8.009191597315429, 7.453873681108705, 6.978707403116275, 6.54010239001971, 6.137987279190279, 5.696247630586931, 5.412181047779205, 5.14035430793508, 4.7293176088894295, 4.353563548605796, 4.114823600415892, 3.8555496625152017, 3.5839662569292505, 3.297155426295306, 3.149436805490737, 2.9725136611810328, 2.7490206554080983, 2.614022389050365, 2.4467975340554857]","[-0.4888075539898397, -0.4872213644669725, -0.5095920417072628, -0.4896691819234542, -0.49819419301369855, -0.4978442922044752, -0.503601905110623, -0.4861792685625249, -0.5025123894361099, -0.4991425139726708, -0.5066738241640488, -0.4910754000939401, -0.4773500956007907, -0.4915870737045984, -0.5053951325497861, -0.5139693999798357, -0.48836838515645303, -0.5055935808044911, -0.5140214192405689, -0.49940089538654936, -0.4925496059000558, -0.4929971802687805, -0.49019665800845225, -0.49746208550351473, -0.47255113528107406, -0.5069036033051869, -0.5090608648261169, -0.48639225266737374, -0.5108856005252582, -0.49369594182793647]","[9.699434496272172, 9.177330470710114, 8.779990973145336, 8.297079695819104, 7.622063824149018, 7.120869201170072, 6.679707131988806, 6.270014002160515, 5.773826530452237, 5.448985315653092, 5.129693769783788, 4.794329567041361, 4.479702478830637, 4.191320930992932, 3.88774595641443, 3.649330405399108, 3.4040638295486056, 3.197941822513271, 3.0392236546944806, 2.8680010528222253, 2.5917017489317367, 2.447187136838471, 2.3147061380164247, 2.1508912158145486, 1.9899727980457276, 1.8516830936020066, 1.7763776517440732, 1.6448429733836898, 1.5433920170044626, 1.4637868101327385, 1.3669257224997717]",,,16.288792177141424,9.699434496272172,7.447278652105698,-0.4969631613060815,32,4,188,27,synthetic
"[15.858926990789898, 14.221187601481489, 12.85562020308428, 11.484638083922144, 10.272548402664764, 9.245572187508865, 8.085792507092636, 7.204350135146237, 6.5643892344751995, 5.895465221823058, 5.309529736920337, 4.756056023998005, 4.239659743019735, 3.774897720576906, 3.3406253771529197, 2.977464170071303, 2.6546382387234164, 2.3920751582478053, 2.155759106124145, 1.9577708265574836, 1.739539413967801, 1.5370327534177282, 1.4016577437064177, 1.2376170356086678, 1.1026759660243861, 1.0008923903822975, 0.9038379915625188, 0.8034525996658657, 0.7186864087992076, 0.6442338192658585]","[-0.4868638448953838, -0.4872575870584427, -0.4994907383711309, -0.5031795779326617, -0.48898775185373, -0.4996103222707109, -0.4862326000149458, -0.48413349867379224, -0.509613593960597, -0.5030947835639035, -0.5050893116850478, -0.5066986275316178, -0.5002947664342877, -0.4960232306596653, -0.48382949741035086, -0.49439533302993044, -0.48482695330327985, -0.4996201266833191, -0.5027504319327467, -0.5089543143444958, -0.5050517618538999, -0.4748210211870476, -0.5106572005923949, -0.48557995406180005, -0.48978035923359475, -0.5123884870445798, -0.5091423120069907, -0.4924045142549678, -0.496239478327556, -0.5058287178675894]","[9.721107598946528, 8.661380123964218, 7.822674739601339, 7.016937824907825, 6.222471007443762, 5.678767250945028, 4.991095059551565, 4.381876706309411, 3.9779482883357025, 3.574277943869351, 3.2232108383536575, 2.894427205505415, 2.582259564825091, 2.3102795793179776, 2.051807474158139, 1.824253345975214, 1.618181079847324, 1.4613681915006358, 1.2995298456345485, 1.186598743268093, 1.0662775019540867, 0.9376383434368389, 0.8515225445679522, 0.7604196014210365, 0.6746900942027988, 0.6022261589497067, 0.5483550622739204, 0.4916382203861704, 0.43793940638956597, 0.39255293505356387, 0.34949319248513394]",21.0,21.0,15.858926990789898,9.721107598946528,4.8778864263927115,-0.49709468993468203,32,4,268,28,synthetic
"[16.21280121461963, 15.034068178437341, 13.637601812749727, 12.407246653977591, 11.341931001509014, 10.311677775466856, 9.43017117555024, 8.487035081572857, 7.91163499405959, 7.203391290675244, 6.535189399253053, 5.929812393365545, 5.489304990861646, 5.054297395147678, 4.521999364141349, 4.069611312869371, 3.7956233625354807, 3.49203566531847, 3.171535796654441, 2.8790191863447214, 2.6396273827923196, 2.4054391123717713, 2.169305267881421, 1.9992650680659219, 1.8405241877615368, 1.660012992955678, 1.511306232522464, 1.4034149708011094, 1.2795126916682071, 1.171273986875998]","[-0.48401417074290515, -0.5091321165845635, -0.4930991903528552, -0.49164860658448895, -0.4990573464331193, -0.4870250143998334, -0.4964404840409661, -0.47248921772052743, -0.49724365362232237, -0.4883408671176793, -0.49544443216770284, -0.480107621101934, -0.5068591116130067, -0.5059237686565913, -0.4964223761213371, -0.4864305863063156, -0.5050537043871849, -0.5038106750689659, -0.504069560194699, -0.4897195002534778, -0.5018238392278268, -0.5037848253139163, -0.47496525230861314, -0.4946428811058825, -0.5039788012142936, -0.49069721930809956, -0.4813768853375367, -0.5060612218490352, -0.4916930293716549, -0.5042703754041145]","[9.810020716654051, 9.005491045147618, 8.297034608004177, 7.479469995737532, 6.8830140389437675, 6.21189115663212, 5.743680220603341, 5.152898557947684, 4.735046795150894, 4.406950838681125, 3.9388121271158125, 3.616541193189048, 3.2734757155080847, 3.0492844262445136, 2.7732795648695365, 2.451173195258848, 2.268183968731206, 2.106274585037359, 1.9194384477896382, 1.7362650993722755, 1.5986180911264585, 1.4462453310900356, 1.3269727044294057, 1.197920039910771, 1.1142541303958255, 1.0072980954739073, 0.9147300694781205, 0.8407656583000982, 0.7760696791829059, 0.704910002872223, 0.6452046294602574]",26.0,26.0,16.21280121461963,9.810020716654051,5.8331889979602085,-0.4948542111303817,32,4,190,29,synthetic
"[16.281465639487568, 15.245930580451187, 14.127413684356576, 13.066220472222692, 12.323347360751983, 11.321785455916366, 10.34611732761038, 9.626066893821365, 8.958015521826955, 8.318319758515267, 7.751201147645679, 7.115024001147063, 6.522253869072172, 6.054014058291933, 5.467713000221743, 5.151056910465633, 4.876708401280275, 4.493891500646709, 4.223683256618321, 3.944942868042537, 3.644254265290903, 3.3394347565664115, 3.0857070017721315, 2.8715595629867616, 2.6069326908274024, 2.3822399966788717, 2.1826029521671555, 2.057411629040639, 1.9423465098496489, 1.765987350264023]","[-0.49141321592770143, -0.5046381138398613, -0.5068299261217896, -0.5044910299826967, -0.5175548378339925, -0.5055625883839393, -0.49306170304361674, -0.49395702564243155, -0.4948587646737766, -0.4904397026356067, -0.4986483458128211, -0.49789065820580697, -0.4832929537341156, -0.503748922239092, -0.46787409904153554, -0.49019180379650296, -0.516114129978515, -0.4907445302783254, -0.5129640511991893, -0.5107492196400689, -0.5128710161554534, -0.505977795158987, -0.4957836366468566, -0.511429524173462, -0.4902538204071629, -0.49928318544075045, -0.4818085248767703, -0.4895982736922431, -0.5287189101642285, -0.4855192035934533]","[9.785647491658834, 9.063901516180353, 8.51056082446043, 7.759689253476973, 7.303067573781028, 6.841773858809561, 6.202175955319704, 5.769563732821299, 5.365637151291185, 4.993704612840397, 4.640000544127057, 4.312345218754769, 3.90578922906276, 3.6664384807734596, 3.312453431498148, 3.0681377698464742, 2.8985075945171497, 2.7015191194223136, 2.50236175985164, 2.353048602970222, 2.1849362212768733, 2.0038880305518973, 1.8434005145406147, 1.7240119699381597, 1.5781777238317893, 1.440807337530553, 1.3095786236870428, 1.225610745839552, 1.1580355838493182, 1.062999175635478, 0.985595856415069]",,,16.281465639487568,9.785647491658834,6.703121614127878,-0.49920898374402517,32,5,222,30,synthetic
"[16.75388680728706, 15.729519701009385, 14.74759678192622, 13.525518636980339, 12.69056629975667, 12.096067957369838, 11.067938664517218, 10.223487417029244, 9.594397420662927, 9.089843493728786, 8.454479395650385, 8.060911451876354, 7.57682483716966, 7.010174435329435, 6.592772881449229, 6.159414105861806, 5.742860509442112, 5.421530940791401, 4.981248122011628, 4.735896541632463, 4.462651968028171, 4.131099668386326, 3.87863275884599, 3.5941297512985897, 3.322623179654158, 3.1387017513760633, 2.9775285685198574, 2.7862477398994696, 2.594967384932368, 2.460374349115553]","[-0.4937227327922606, -0.49724012483114777, -0.5131054885251286, -0.49623157808182256, -0.5021458892600461, -0.5202716391506614, -0.4922954996071966, -0.49552872341721316, -0.4940935062572207, -0.5161539938173513, -0.485712032452777, -0.49563636441887643, -0.49789927849315607, -0.4933393569859463, -0.5118570975467062, -0.5084886191079115, -0.49443539473201575, -0.5060327556040174, -0.4847502808131486, -0.5091705965510716, -0.5121527900776349, -0.49871567743355566, -0.5041531165890396, -0.5071934686191086, -0.48997785815428685, -0.49448516098885836, -0.4965362643422933, -0.500977353506528, -0.49094174342435815, -0.5158836053631102]","[9.978372193886512, 9.405083601261001, 8.77081775009903, 8.18103161342017, 7.450805873181002, 7.191767906904549, 6.67914524427909, 6.1299531714945354, 5.689985489903348, 5.4093457396094315, 5.028418159300384, 4.779712029979732, 4.540762338733868, 4.21226823257432, 3.8983550878435103, 3.6834289046120103, 3.4070556327707546, 3.235816364037581, 3.010545128670128, 2.7690165337599644, 2.6826629914910716, 2.4478822893204915, 2.323804643150534, 2.147522017729254, 1.9917475943251566, 1.8569610519072925, 1.773657128764422, 1.6679268872457003, 1.5475583124937027, 1.4574795925865827, 1.3681416555531665]",,,16.75388680728706,9.978372193886512,7.453396450717957,-0.5006375996981483,32,5,225,31,synthetic
"[16.341648338431394, 14.524330390864966, 12.801365808571814, 11.611051311799578, 10.252880555351943, 9.040780428470617, 8.17418717130441, 7.39798149141093, 6.609273878710572, 5.9352999308814836, 5.314452080049905, 4.750923691021473, 4.251131842286684, 3.784280720964721, 3.4014709038263917, 3.0648456169526375, 2.7243219562184784, 2.4236270322316447, 2.177596693539263, 1.9502714689952252, 1.7362151810671704, 1.5470518837827911, 1.3815462065990356, 1.2262729364511682, 1.0969295681946374, 0.998425372442504, 0.8844499848827836, 0.7830935912169318, 0.7032771444693824, 0.6355145611367254]","[-0.5138708032351557, -0.50993413325034, -0.48878837782258305, -0.5144533379184387, -0.49432789448287323, -0.4889157986711687, -0.4981001818787123, -0.5076750092173884, -0.49196772694917934, -0.4986225129881098, -0.5039094171767482, -0.49936486931541585, -0.4948371089061212, -0.4883669271671186, -0.4897383401570468, -0.502824718963233, -0.49523758163361553, -0.48782128958200377, -0.48710244710952894, -0.5061311358513892, -0.5008858325926642, -0.502375352820964, -0.504799026871099, -0.4816851397190298, -0.4762353093746872, -0.5082804003790579, -0.48784453768610725, -0.48769035141300826, -0.49023783541733224, -0.5096557530131312]","[9.90637391543196, 8.867462181769273, 7.83824141298626, 6.990743173387793, 6.34744099496153, 5.503858024407088, 4.969646351279693, 4.470657830224135, 4.046577561456737, 3.601256853466876, 3.2524167445448287, 2.8723132366377064, 2.6126914965344232, 2.301227814971668, 2.0836719083544857, 1.8552445191480325, 1.6789525495776652, 1.4694776856707839, 1.3394810381284887, 1.1842248727656495, 1.062077594146359, 0.9409211421134255, 0.8431608060354521, 0.7486423417704823, 0.6754014276034044, 0.6006005637132353, 0.5487312438407955, 0.475814177462303, 0.4317900846245621, 0.38242824960782784, 0.3487990778731063]",21.0,21.0,16.341648338431394,9.90637391543196,4.9174832580709085,-0.49705597171877497,32,5,226,32,synthetic
"[16.401566538007767, 14.927706825525464, 13.536535919677576, 12.175637222954808, 11.167112574861664, 10.363049293480078, 9.441275096765354, 8.48490311028739, 7.77911624263639, 7.240073578470551, 6.539332498282774, 5.989098181537895, 5.5059472403701815, 5.034958583912065, 4.56375978968443, 4.156285493900861, 3.7844214318907192, 3.485312243948724, 3.1458958880104984, 2.8786542896465486, 2.652636880876546, 2.38590394096538, 2.1995948404295547, 2.025732925164505, 1.8550899215888614, 1.6779554248825732, 1.5344430259228201, 1.4113102832351283, 1.263756569928038, 1.1665341299741476]","[-0.49249940904083406, -0.5061228965559345, -0.5012451901693101, -0.4729287510967922, -0.49185568578817634, -0.515291495201872, -0.5066776415588141, -0.48603584274091594, -0.4815874123930852, -0.5061711523796999, -0.4789261630892298, -0.49650413581027947, -0.48924527331023665, -0.5058273934907357, -0.4984012278212448, -0.5046117243966314, -0.49691410129505054, -0.5096643683238313, -0.4967139104210021, -0.48783558044705866, -0.5043345508569308, -0.48688160831179955, -0.49839104819185154, -0.4974138012771137, -0.5024082844167341, -0.4904055237189162, -0.4954727234769467, -0.5158066826429484, -0.4888273767945124, -0.49280154680816196]","[9.974710698792485, 9.003263835648559, 8.192426888493548, 7.425479764739535, 6.7567039591090134, 6.168559185833649, 5.734597876586408, 5.137698501896779, 4.702420153375067, 4.333132867421662, 4.00775917591439, 3.5928303426347967, 3.3291680773961394, 3.0493628755588773, 2.7507235327372186, 2.520175399157707, 2.2695710031823286, 2.103747973227057, 1.9062623926420796, 1.7288350724681878, 1.6079556124636611, 1.4492730224988957, 1.3167630920780427, 1.2239055294407082, 1.1163998391693173, 1.023285060117371, 0.9195303657041113, 0.854570554264375, 0.7657740481929989, 0.6984196825197315, 0.6515452125606374]",26.0,26.0,16.401566538007767,9.974710698792485,5.825786666227311,-0.496593416727555,32,5,308,33,synthetic
"[16.45063626423845, 15.17434261617378, 14.047786939215701, 13.049357885927485, 12.116755030362949, 11.215667317369299, 10.308655216009857, 9.572905982866926, 8.984425445349395, 8.258874551543995, 7.631950664247625, 7.065399270890095, 6.52030255832959, 5.993439593535988, 5.621103063411587, 5.2300598987069264, 4.853842386930607, 4.521366183122989, 4.177198720446671, 3.846862552184056, 3.593239640285553, 3.2924584050520007, 3.0364214951962665, 2.8174140404615016, 2.6079925262756216, 2.429862902892229, 2.241704824837333, 2.0861851590116864, 1.9136736825638199, 1.7769720171765293]","[-0.4995027852989212, -0.4921466416574978, -0.4930376639496335, -0.49659667107704747, -0.5034901795727261, -0.5021992264294209, -0.48797086212185353, -0.49576278341063085, -0.5138220282069654, -0.4967490359647547, -0.5066964668536365, -0.5000438231106485, -0.49683642192324373, -0.4825922505693273, -0.49824971656537725, -0.49518644987514376, -0.508150429393052, -0.5110056837273841, -0.5100928827464886, -0.4971450281007539, -0.501688551474868, -0.48940364765189176, -0.4961018349683406, -0.49974093246406354, -0.49306219881027397, -0.5112214090351884, -0.4958382249385968, -0.5147413736768758, -0.5023655974065802, -0.5018806446794378]","[9.857012906955873, 9.137142096249175, 8.425826895621322, 7.82921994526114, 7.252292379376345, 6.719325641445868, 6.21871901461337, 5.729259544263809, 5.3378932768849365, 4.9870431032584275, 4.556571234811701, 4.234509505177637, 3.9217938699436816, 3.613028796986412, 3.346326345069191, 3.1471314517298388, 2.900030552728721, 2.6882298052353835, 2.5125862478291094, 2.293054936919146, 2.1524053427878367, 1.9933648850965235, 1.8205973508029614, 1.6892978929272993, 1.5634405041838835, 1.4543287411253143, 1.3402458599797986, 1.2513363357575549, 1.145077828486635, 1.0623888990994794, 0.9877459491064503]",,,16.45063626423845,9.857012906955873,6.681228561153884,-0.4997773815220208,32,5,228,34,synthetic
"[17.018486297803523, 15.655283027689228, 14.409420096945045, 13.580421798949589, 12.687435197492444, 11.987244482880907, 11.194026016954082, 10.249953094060073, 9.720872955703388, 9.111182623073008, 8.593868925768213, 8.078583387832126, 7.527518765394347, 7.057522763535135, 6.530603086114285, 6.028594442324024, 5.676454376599892, 5.33856529173766, 4.9465931985174265, 4.705640443634332, 4.430592289024858, 4.157447215556593, 3.8716288711708877, 3.6186032161396935, 3.4029049689874764, 3.167220549556543, 2.9467226315983273, 2.773019252186317, 2.5825313179931384, 2.4156611079669816]","[-0.5074677030261298, -0.4982160798677259, -0.48589285633957235, -0.5047077722109039, -0.4892347466103741, -0.5022715033906602, -0.507840171706232, -0.48988997345438057, -0.5082900289336939, -0.49595594830736384, -0.4989976264979545, -0.4942518884900433, -0.49227723995281536, -0.5053705984283355, -0.4939818389790872, -0.474468796262996, -0.4908201443779058, -0.483228830407001, -0.47320853662910733, -0.5091995637809565, -0.4990637447556902, -0.5060784343929192, -0.4995224635571979, -0.4973948207122787, -0.5083665189908804, -0.5159178303456465, -0.5101981466255604, -0.5130590849211388, -0.5066224880660393, -0.5146167482766181]","[10.182865082231746, 9.414737780329181, 8.668022033638747, 8.04532720770916, 7.609445606483207, 7.090456477545198, 6.739275395977512, 6.148403930736465, 5.724723475536948, 5.468125219557291, 5.06416316715581, 4.861809851135551, 4.481845221380016, 4.2314227254398515, 3.9011494864721827, 3.653540259178679, 3.3655860330460445, 3.208527459878807, 2.9893196360864884, 2.7727623202881158, 2.643757646817236, 2.4728937826502198, 2.317185599004405, 2.153093064307151, 2.0283184228852407, 1.8893012684317652, 1.747758849217476, 1.642788357830597, 1.5448865971349093, 1.42987456821793, 1.3455885499092994]",,,17.018486297803523,10.182865082231746,7.44882005643965,-0.49921373760990695,32,5,294,35,synthetic
"[15.836229793109869, 14.29448222476683, 12.929941360153222, 11.61069181387879, 10.242574591930635, 9.15455294799366, 8.242839470186297, 7.37128803320765, 6.553293164919811, 5.85350451007586, 5.319719325973152, 4.719853824491366, 4.182179659730363, 3.738651348233671, 3.3830317676489363, 3.0191166883434013, 2.716900369155646, 2.440493850939582, 2.1682110837580235, 1.8963154489350529, 1.7192221548553206, 1.5732775596381128, 1.393081594110097, 1.2494666216309924, 1.1273525262472095, 0.9900847554270773, 0.882555111793013, 0.7910686337184678, 0.7214691095553705, 0.63975874264343]","[-0.49057721946648775, -0.5011758339916113, -0.5083113881955091, -0.505505117962176, -0.4881625385357178, -0.48758372033895403, -0.4952049560283313, -0.5011712605284222, -0.4967494277692675, -0.4872764506584945, -0.5095152073479025, -0.4901700021472732, -0.49087001781656153, -0.4890814204650273, -0.5036763772420227, -0.4898469786003869, -0.49506033552339057, -0.49844174694174, -0.5064387131679677, -0.4781587762084763, -0.48778860735832547, -0.5097107451999151, -0.49586484213190424, -0.49830559832809446, -0.512590279791461, -0.4819594328785039, -0.49036783446467963, -0.4786729990969876, -0.5014301256531459, -0.48321757931138876]","[9.641771540253622, 8.693663196782422, 7.797630832003857, 7.085839532829044, 6.288697554453534, 5.578037912632283, 5.031912230792644, 4.496266857585886, 4.007373542333104, 3.563557511924882, 3.221363130743167, 2.899174062478958, 2.5653013664788467, 2.275669991365592, 2.055226425252347, 1.8445051377077217, 1.6517094144396969, 1.4892567346593362, 1.3287174713999568, 1.1678636929471302, 1.0365504423976548, 0.9562091178397917, 0.8536600769289243, 0.7561590547142892, 0.6868592082712419, 0.6087070182495341, 0.5407806375060744, 0.48099617495619773, 0.4386716715906588, 0.3936072170719901, 0.34881956728813834]",21.0,21.0,15.836229793109869,9.641771540253622,4.892040269568365,-0.4950961844383375,32,5,225,36,synthetic
"[16.360360570078992, 15.152823238952775, 13.62990672928699, 12.376029401353007, 11.337539416960661, 10.376192364477832, 9.593692246369791, 8.718982900992032, 7.847639788405734, 7.015851346088316, 6.527337046449552, 5.885154423946604, 5.447788531753011, 4.970126504584455, 4.532335903253217, 4.237624916410382, 3.8169328656611063, 3.438919756651773, 3.1401211795778607, 2.8540551392025066, 2.6536490377547457, 2.452217109394247, 2.225476014157764, 2.0068090141368216, 1.8357037436161294, 1.6712779441297336, 1.5362198502745565, 1.3952467973316134, 1.257075319723593, 1.1554977968217772]","[-0.5087276133824162, -0.5182679637509383, -0.4977085113853873, -0.49289943592077046, -0.5111461745840927, -0.5065691487307943, -0.5207522129053473, -0.49932629521340677, -0.49867629244275624, -0.4695346985963716, -0.5080987662523908, -0.4734103245404337, -0.5026843758031598, -0.49091325649293976, -0.478194772730162, -0.5172265693847211, -0.4983679599965935, -0.49167872874372404, -0.49492809698347207, -0.47646706281995654, -0.5068230969513761, -0.5059780202105204, -0.5003714874792945, -0.4961577865903522, -0.49947859399582883, -0.4894771916370058, -0.490743819899367, -0.489090284567968, -0.478805584819397, -0.4945383256288138]","[9.696772968047556, 9.137116755133158, 8.247046893592193, 7.497465970413198, 6.821670360346183, 6.216885309554509, 5.735180770374625, 5.263631934577025, 4.802924148969465, 4.2572556993124575, 3.9250611279321355, 3.5893477494026924, 3.264536710560718, 3.0188165383563, 2.7352685101345036, 2.535342819530493, 2.328589018213807, 2.0788570691985067, 1.901783964577994, 1.7288704217807938, 1.5918663734708027, 1.4644896310888391, 1.360837543261071, 1.2070700217387946, 1.1125180797355434, 1.0066561034766681, 0.9294467252781266, 0.8493091501911599, 0.7669543673046071, 0.6943199480600261, 0.6420236870349911]",26.0,26.0,16.360360570078992,9.696772968047556,5.848286229926587,-0.4969014150813253,32,5,225,37,synthetic
"[16.54567249360418, 15.375375268556972, 14.14089549905208, 13.256960891807736, 12.265433426093063, 11.287897714941524, 10.382514142226295, 9.601336472531612, 8.90216974870913, 8.123063801889591, 7.516840024689952, 7.09012558655174, 6.572654514773626, 5.962318314042802, 5.614529723147247, 5.205330308426414, 4.746509019772588, 4.454118774278348, 4.162330318581489, 3.8386616834731218, 3.6144072084269006, 3.2610875092700753, 2.9618082412495643, 2.7835052363015156, 2.6282821997500645, 2.44452988426763, 2.243243986668037, 2.066165624190704, 1.9237158238105954, 1.7637631361315496]","[-0.4968593781599478, -0.5049760853702365, -0.4960266424452238, -0.5153159502338764, -0.5045319814307573, -0.5041899535641634, -0.501860564346469, -0.5017941227242523, -0.5074451807957335, -0.48537566225550605, -0.4886287674756069, -0.5139642018048934, -0.5060005011689922, -0.47417501849952903, -0.5043180326151422, -0.504234534470454, -0.4925900473072844, -0.5032816740389495, -0.5106526960057126, -0.4980391466122315, -0.5298101656416765, -0.489703235997906, -0.4892570641904612, -0.49959846146529324, -0.5062228342600925, -0.5136050043406484, -0.499443828723636, -0.4885390370656797, -0.501059288223243, -0.483073908164258]","[9.889745547679972, 9.231778989561098, 8.487661274164173, 7.858428384586432, 7.369321415244878, 6.768023716239531, 6.244480639381876, 5.733166348541315, 5.344617423756093, 4.9062445548386435, 4.516733914682613, 4.1939996342741965, 3.9539933340258164, 3.617872860140994, 3.3246530842006563, 3.1483449684768834, 2.85136466771954, 2.641659057070306, 2.4952076693094094, 2.2926738376161135, 2.1418717898665967, 1.9899645768820184, 1.786733643124022, 1.6445712273793567, 1.5696829514731065, 1.4582481166293382, 1.3510805538139234, 1.238863397932601, 1.1556089997989305, 1.06429865932127, 0.9833508042201017]",,30.0,16.54567249360418,9.889745547679972,6.6911748859072055,-0.5004857656465952,32,5,297,38,synthetic
"[16.64497718598508, 15.31834435717117, 14.803624177279868, 13.89833801607515, 12.81315711212031, 11.883326909887447, 11.336448993941694, 10.55917661546409, 9.853726080195036, 9.222114863648786, 8.470626439846903, 8.051649306649969, 7.504858010140494, 7.037606640416705, 6.662316264361211, 6.211698315757142, 5.784007994024629, 5.428060928715984, 5.081192437909824, 4.691241702325527, 4.36839668082598, 4.103666465489172, 3.8930741100935684, 3.6013571633282844, 3.350638099708134, 3.126020287379613, 2.8807629391529037, 2.7157406441974987, 2.5512341779323946, 2.404451455304453]","[-0.5100140157060561, -0.4822063816489782, -0.5199656021377427, -0.5006789805568719, -0.5013281849548371, -0.4890073132105517, -0.5105224895395687, -0.5050450847583842, -0.4980797813748065, -0.506766648414859, -0.4827532305460708, -0.5036171225829535, -0.4896825210089065, -0.4944001819087591, -0.5115149093671314, -0.5144887229505142, -0.5023719356980616, -0.4908889663168663, -0.5033266475937856, -0.4904565126242015, -0.5030163943868285, -0.5060849285472923, -0.5183685744554412, -0.5003595236209543, -0.49766762313916296, -0.5044461595863392, -0.47144835648748096, -0.5006755511560801, -0.5031741276219257, -0.4994179122858191]","[10.012848559399226, 9.136777109944543, 8.654898290183011, 8.325204549705447, 7.715730850214996, 7.068375740106776, 6.702194974981629, 6.340711980862019, 5.827970109570833, 5.556336818514098, 5.064783472610464, 4.771447767127321, 4.513422996709882, 4.180211245833604, 3.9603234967541066, 3.7018892525836113, 3.4347678086073476, 3.23779209186685, 3.048138360194703, 2.811037242681345, 2.6221344724665987, 2.415591581962924, 2.312967082780258, 2.1541987600667154, 2.00287493802558, 1.868336106345665, 1.7351325604645504, 1.6227276977125937, 1.511780319318975, 1.430649537493186, 1.345878720472173]",,,16.64497718598508,10.012848559399226,7.475061145844301,-0.5003924794729077,32,5,308,39,synthetic
